order_id,shipping_company,delivery_time
3950,DHL,5
3524,ShipBob,2
3708,DoorDash,7
1782,DHL,1
4270,Postmates,5
4962,DHL,5
1885,UPS,12
1165,Instacart,13
1952,Postmates,1
1596,DHL,10
4851,FedEx,1
2639,Instacart,2
133,Postmates,8
3872,ShipBob,14
1709,ShipBob,13
4518,DHL,6
4854,DHL,4
4816,Instacart,5
954,USPS,2
2331,ShipBob,4
447,UPS,12
2797,USPS,8
1421,ShipBob,14
1452,Instacart,2
902,UPS,12
4979,DoorDash,2
1486,UPS,6
4801,Postmates,2
4533,UPS,5
1995,ShipBob,3
3415,DHL,1
1732,Instacart,5
1039,DHL,9
364,Postmates,2
626,FedEx,2
2521,FedEx,7
1068,Instacart,13
1127,DoorDash,11
556,USPS,8
1176,ShipBob,10
2638,DoorDash,11
3555,ShipBob,13
3064,Instacart,1
2759,ShipBob,3
4773,DHL,8
2027,DHL,3
1882,UPS,13
933,UPS,5
4967,FedEx,13
4184,USPS,4
288,Postmates,10
4110,ShipBob,9
989,UPS,14
208,DHL,3
4335,DoorDash,4
4182,DoorDash,6
2840,UPS,5
3411,USPS,6
1507,Postmates,14
462,FedEx,6
1341,USPS,1
1856,DHL,5
3848,USPS,2
631,UPS,4
3881,USPS,2
2007,USPS,7
4551,DHL,10
4451,ShipBob,2
3628,Instacart,12
1529,ShipBob,10
96,UPS,6
4830,ShipBob,3
3700,DHL,9
1242,ShipBob,7
587,DHL,11
1388,Postmates,1
4409,Instacart,14
4479,DHL,12
1168,USPS,5
3086,USPS,8
1439,ShipBob,14
696,FedEx,2
3036,Postmates,9
4685,USPS,13
3601,DHL,4
964,UPS,8
1492,ShipBob,11
450,DoorDash,4
2309,Instacart,4
1643,USPS,7
4374,UPS,5
797,USPS,1
142,Instacart,7
3665,UPS,13
4839,ShipBob,8
999,DHL,5
2258,DHL,14
2762,Postmates,1
3797,ShipBob,3
2641,UPS,7
725,FedEx,7
4102,USPS,9
3886,DHL,6
4778,Postmates,2
497,FedEx,14
2939,Postmates,6
1999,USPS,14
4403,UPS,9
3975,Postmates,6
2243,UPS,14
950,USPS,7
3176,Instacart,1
1222,ShipBob,7
2869,USPS,11
1697,FedEx,10
2252,ShipBob,8
3342,FedEx,8
4460,UPS,1
3168,FedEx,14
537,Instacart,13
2860,DHL,13
1920,USPS,1
4569,Postmates,10
1886,USPS,10
2977,UPS,4
2517,UPS,14
3207,Postmates,7
741,FedEx,5
686,ShipBob,1
4795,Instacart,12
3364,USPS,7
2803,UPS,5
368,UPS,7
4594,FedEx,11
334,Instacart,9
1669,ShipBob,14
2060,Instacart,10
1554,Postmates,4
2563,Instacart,6
3944,ShipBob,3
2903,Postmates,12
1988,Postmates,6
2625,USPS,6
2248,Instacart,7
1581,Instacart,14
1138,FedEx,3
432,ShipBob,3
2409,Postmates,10
1998,USPS,2
1969,Postmates,6
3268,UPS,13
3854,DoorDash,5
3020,Instacart,8
1991,UPS,1
3804,Instacart,3
520,FedEx,12
4365,FedEx,5
1172,Instacart,8
3531,Postmates,14
1561,DHL,4
2596,DoorDash,4
1866,ShipBob,10
3493,UPS,1
1960,Instacart,12
3715,UPS,14
2862,USPS,10
3809,DHL,6
189,ShipBob,5
4349,DoorDash,10
1179,FedEx,11
1035,FedEx,14
4195,UPS,3
1689,DoorDash,7
3714,UPS,2
3839,ShipBob,1
974,USPS,11
3597,Instacart,5
1673,DoorDash,12
731,FedEx,6
3220,DHL,10
4470,Instacart,5
628,ShipBob,10
1087,USPS,3
2990,DoorDash,1
1131,Instacart,3
2609,FedEx,5
1647,Instacart,5
630,Postmates,4
1720,USPS,8
3750,ShipBob,12
2374,FedEx,13
2586,DHL,5
996,FedEx,1
2942,DHL,9
1763,DoorDash,10
558,USPS,5
1061,DHL,7
4277,Instacart,12
1789,DHL,12
781,ShipBob,13
1694,DoorDash,9
2541,FedEx,10
4325,USPS,14
3813,DHL,10
1414,ShipBob,3
2102,UPS,14
4897,ShipBob,8
980,UPS,9
4632,Postmates,10
4503,FedEx,9
3556,Postmates,12
3196,Postmates,10
3928,Postmates,13
992,Postmates,11
4733,Postmates,9
118,Instacart,11
2407,UPS,5
1008,DHL,6
4768,Postmates,2
81,DHL,6
1845,UPS,13
3230,ShipBob,14
2838,FedEx,5
2048,USPS,7
4344,ShipBob,5
493,Instacart,13
4165,FedEx,6
545,DHL,1
3859,UPS,13
4638,ShipBob,13
1795,ShipBob,8
3089,FedEx,6
1234,Instacart,9
3133,Postmates,6
1237,UPS,10
3997,Instacart,1
2659,Postmates,14
4304,Instacart,7
3510,DHL,5
2668,ShipBob,10
932,FedEx,10
3507,DoorDash,1
1983,FedEx,10
2743,ShipBob,11
763,DoorDash,11
4621,DHL,3
1308,Instacart,8
3821,USPS,9
4101,UPS,7
165,DHL,1
830,DoorDash,11
410,Postmates,2
3964,DHL,3
3737,UPS,14
1780,ShipBob,6
3463,USPS,6
884,USPS,1
3930,USPS,14
2725,FedEx,2
3440,Postmates,6
3192,DoorDash,2
4633,USPS,1
1683,ShipBob,12
3496,ShipBob,13
2506,Instacart,9
1688,FedEx,9
2657,DoorDash,11
1369,USPS,12
3480,FedEx,9
611,Instacart,3
4353,UPS,14
4136,Postmates,7
1746,USPS,5
1483,DoorDash,9
390,Postmates,8
2787,Postmates,11
674,FedEx,7
4675,ShipBob,11
508,Instacart,10
4676,DoorDash,14
135,Instacart,2
4490,DoorDash,8
891,ShipBob,13
2388,USPS,13
4087,FedEx,3
4977,DHL,11
4747,USPS,12
2796,DHL,7
1547,USPS,9
1558,Postmates,4
1824,DHL,4
282,DoorDash,3
307,UPS,1
1009,ShipBob,5
313,UPS,12
4608,Postmates,4
2025,ShipBob,6
575,Instacart,3
3579,DoorDash,5
627,UPS,2
3336,DHL,12
3077,FedEx,6
1398,ShipBob,13
3442,FedEx,12
4305,USPS,4
2931,Instacart,13
4260,Postmates,1
3903,USPS,5
1471,DHL,2
148,ShipBob,11
2117,FedEx,7
4954,Instacart,13
4250,USPS,3
1104,ShipBob,1
3144,ShipBob,12
212,USPS,11
1693,ShipBob,10
4212,UPS,2
4138,USPS,6
706,DHL,1
2559,USPS,13
3324,Instacart,5
3174,FedEx,3
1926,DHL,4
1465,ShipBob,3
2182,FedEx,11
2000,DoorDash,1
1517,FedEx,8
656,DoorDash,10
488,UPS,7
1490,DoorDash,1
4727,FedEx,11
2915,UPS,10
4698,UPS,3
3199,FedEx,11
2325,DoorDash,8
1166,USPS,4
2086,UPS,7
1119,Postmates,8
4321,Instacart,2
506,Postmates,9
3660,Postmates,6
2420,UPS,8
4776,Instacart,5
2323,UPS,3
4721,FedEx,8
1320,DHL,1
1635,USPS,1
26,Postmates,2
2656,FedEx,11
2761,DoorDash,11
1612,ShipBob,13
276,UPS,5
4088,DoorDash,10
1221,UPS,7
4528,USPS,12
2449,Postmates,4
3101,Postmates,8
2935,Instacart,10
1178,Postmates,7
819,UPS,10
4328,Postmates,6
3203,DHL,4
986,USPS,7
2049,DHL,11
4493,DHL,8
446,Instacart,9
3876,DoorDash,7
4254,DoorDash,14
2547,DHL,10
1451,DoorDash,4
2695,Postmates,11
2375,UPS,4
4677,Postmates,11
1470,DHL,10
240,UPS,2
2576,UPS,13
4162,UPS,8
4363,DoorDash,14
239,USPS,5
4861,DoorDash,3
3666,FedEx,1
1385,DoorDash,7
4787,DHL,9
1433,ShipBob,11
2540,DoorDash,5
2460,DHL,3
4118,DoorDash,8
715,DoorDash,12
3146,UPS,8
3654,USPS,8
3562,ShipBob,9
1735,FedEx,1
1272,FedEx,11
2496,Instacart,1
718,DoorDash,13
637,Instacart,10
6,DoorDash,10
1345,DHL,2
4221,ShipBob,2
860,UPS,3
3845,Instacart,11
3243,DoorDash,8
577,DHL,2
4123,UPS,1
747,USPS,9
1380,Postmates,1
2698,FedEx,13
2932,FedEx,2
3341,DoorDash,5
443,FedEx,7
3863,Instacart,8
1609,USPS,6
1040,DoorDash,4
3128,DHL,1
1701,USPS,8
4252,UPS,5
2849,Instacart,2
3184,ShipBob,5
1463,FedEx,12
1727,ShipBob,2
3497,USPS,6
2380,DHL,11
2613,DoorDash,7
452,USPS,8
634,FedEx,9
2289,ShipBob,12
2125,Instacart,12
4634,FedEx,4
1940,FedEx,14
4112,Postmates,10
2438,DoorDash,7
4092,Instacart,9
1593,USPS,10
277,DoorDash,7
4767,UPS,7
64,Postmates,3
2320,Instacart,8
624,DoorDash,7
2087,DoorDash,5
3068,DoorDash,13
352,ShipBob,5
4198,FedEx,9
3527,Instacart,11
287,Postmates,12
179,DHL,9
583,Instacart,2
3239,ShipBob,9
3704,DoorDash,7
3581,Postmates,11
2528,Postmates,7
3330,DHL,1
4308,UPS,7
3370,ShipBob,6
4329,DHL,7
1493,Postmates,5
3094,DoorDash,10
1560,Postmates,13
2979,Postmates,7
2887,USPS,14
1892,DHL,8
1784,Postmates,3
3692,UPS,11
2164,DoorDash,9
4539,Instacart,11
4750,Instacart,6
270,Instacart,6
193,ShipBob,9
2895,USPS,14
3795,UPS,3
4057,FedEx,2
2168,DoorDash,11
2170,DHL,3
4018,DHL,4
3864,ShipBob,12
4074,DHL,10
3162,USPS,7
3921,Postmates,2
3993,UPS,8
2171,FedEx,11
98,FedEx,12
315,DHL,14
2941,FedEx,9
1368,DoorDash,14
2794,DoorDash,1
1342,Postmates,10
2525,USPS,1
2,USPS,13
102,USPS,11
684,UPS,2
4582,Postmates,12
4565,USPS,2
3157,FedEx,10
1355,DoorDash,2
1874,ShipBob,2
3465,UPS,14
1841,FedEx,5
1367,ShipBob,3
560,ShipBob,7
1812,UPS,10
93,DoorDash,5
1226,DoorDash,7
3197,DHL,7
2156,UPS,10
3546,FedEx,6
3612,DoorDash,5
2976,Instacart,2
3836,UPS,8
4812,DHL,6
2078,DHL,11
3990,FedEx,2
1251,Postmates,13
653,DoorDash,8
1962,USPS,2
4031,USPS,13
1939,Postmates,5
2703,DHL,6
4359,DoorDash,12
3183,UPS,1
342,DoorDash,12
544,Instacart,5
1349,USPS,8
2971,DoorDash,8
1858,Instacart,9
1692,DoorDash,12
527,DoorDash,5
71,DoorDash,7
3062,Postmates,5
784,Instacart,9
2405,Instacart,2
4280,Instacart,12
2433,Instacart,12
535,Instacart,10
2418,USPS,13
3351,DoorDash,4
217,DHL,12
215,Postmates,1
892,DHL,6
4215,DHL,2
3451,ShipBob,14
3726,USPS,5
2169,USPS,7
4625,Instacart,4
1397,FedEx,1
4607,DHL,7
3028,Postmates,2
849,DHL,2
2726,UPS,13
2028,DHL,9
1816,Instacart,7
1099,FedEx,11
4623,Instacart,6
3644,FedEx,12
1033,UPS,9
3265,ShipBob,7
3190,ShipBob,3
3452,UPS,11
582,Instacart,11
4414,ShipBob,5
970,Postmates,3
4588,DHL,8
1588,ShipBob,2
494,DoorDash,13
4111,Instacart,10
3225,USPS,5
3954,DoorDash,12
4693,USPS,13
772,UPS,11
2396,Instacart,7
1615,FedEx,1
4731,Instacart,7
1152,UPS,13
1617,DoorDash,8
92,Instacart,3
2733,ShipBob,8
721,DoorDash,13
2634,USPS,10
28,ShipBob,11
533,UPS,6
4966,Instacart,10
4249,Instacart,11
1546,USPS,11
1416,Instacart,5
2026,Instacart,3
1310,UPS,10
2911,DoorDash,9
3018,Instacart,3
3381,Instacart,6
4794,Postmates,8
4159,Postmates,8
3727,DHL,7
3091,ShipBob,11
2654,Instacart,6
810,FedEx,6
402,DoorDash,4
3376,FedEx,10
759,FedEx,5
1619,Postmates,10
1236,UPS,8
1908,Postmates,14
2910,Postmates,2
4119,USPS,11
3030,USPS,2
2792,DHL,12
4189,Instacart,2
353,Postmates,14
3499,USPS,2
3533,ShipBob,1
2429,FedEx,7
1309,UPS,8
3444,DHL,9
3371,DHL,13
306,Postmates,14
4132,FedEx,13
4818,USPS,12
492,DoorDash,12
226,Postmates,1
4600,DoorDash,2
2116,DoorDash,10
501,Instacart,1
3486,UPS,4
568,DoorDash,10
4431,FedEx,13
4874,Instacart,2
2898,DHL,10
4296,Postmates,5
2135,USPS,13
2819,Instacart,7
3751,DHL,12
1472,Instacart,10
4972,ShipBob,7
4004,ShipBob,13
155,ShipBob,14
779,FedEx,4
466,UPS,14
4549,DHL,11
230,DHL,14
4447,Postmates,13
54,ShipBob,10
3173,UPS,11
3438,FedEx,12
200,Instacart,14
4637,UPS,3
116,Instacart,14
3325,USPS,4
15,DHL,5
4941,FedEx,6
2539,DoorDash,1
237,Postmates,4
1054,DoorDash,12
882,DHL,11
78,ShipBob,11
4813,DHL,4
3695,USPS,12
4380,Postmates,13
84,DHL,5
1313,UPS,7
3466,Postmates,12
3659,DoorDash,6
1402,USPS,8
3491,USPS,8
3856,UPS,1
1916,FedEx,14
4386,ShipBob,8
2858,Postmates,11
1879,DoorDash,2
2123,Instacart,10
1097,Postmates,5
762,USPS,4
589,ShipBob,6
4348,Instacart,2
1427,ShipBob,2
2686,DoorDash,1
4360,DHL,10
4046,UPS,5
1925,FedEx,12
4013,Postmates,2
1312,Postmates,2
327,DHL,8
491,UPS,3
4314,FedEx,1
3933,Instacart,6
4622,ShipBob,7
1143,DoorDash,10
4952,Postmates,14
3583,Postmates,13
700,USPS,11
3784,DHL,12
961,USPS,10
1655,Instacart,13
2295,USPS,9
1834,Instacart,4
2793,USPS,4
4916,Postmates,4
2010,USPS,6
4076,UPS,6
4732,USPS,5
4061,DHL,3
2311,FedEx,2
70,ShipBob,8
4537,DHL,13
1903,DoorDash,7
1802,Postmates,7
2346,FedEx,2
3202,DHL,11
4866,Instacart,1
3498,Postmates,8
145,Instacart,1
701,FedEx,4
2755,Instacart,10
3616,Postmates,7
3625,Postmates,5
565,DoorDash,14
2069,Instacart,2
3424,DoorDash,2
2973,UPS,7
3282,ShipBob,10
4008,USPS,13
3943,ShipBob,4
2711,Postmates,1
3040,DoorDash,9
1936,Postmates,2
1496,DHL,10
2885,Instacart,4
3240,FedEx,12
691,Postmates,5
1756,DoorDash,4
2154,ShipBob,6
525,ShipBob,10
2555,Instacart,11
4843,ShipBob,3
2836,FedEx,14
3766,DHL,13
2105,Instacart,7
1978,Postmates,8
4135,DoorDash,5
2630,UPS,2
681,DoorDash,3
234,ShipBob,2
130,DHL,2
2310,Postmates,5
1941,ShipBob,7
3740,DHL,11
4824,UPS,5
1943,DoorDash,1
4085,Instacart,7
3896,ShipBob,12
4516,FedEx,10
2970,Postmates,2
2451,FedEx,4
3427,DoorDash,14
971,FedEx,12
847,ShipBob,3
1505,FedEx,13
233,ShipBob,7
4616,FedEx,12
3303,UPS,8
3450,Postmates,10
2920,FedEx,5
159,UPS,5
2198,ShipBob,4
1228,DHL,4
2364,DHL,3
1632,DoorDash,13
2195,USPS,11
1233,DHL,9
3021,Postmates,6
1963,Postmates,4
1523,USPS,4
722,DoorDash,1
622,FedEx,2
4232,UPS,5
4601,Postmates,13
3788,USPS,6
3914,DoorDash,3
2535,DHL,10
4559,DoorDash,4
517,USPS,1
969,ShipBob,5
4009,FedEx,6
4530,DoorDash,5
1975,FedEx,3
2944,Instacart,10
3393,USPS,10
2671,ShipBob,13
27,ShipBob,11
4316,Postmates,13
1457,FedEx,6
4472,Instacart,2
2408,ShipBob,5
4596,Postmates,12
4050,FedEx,3
354,USPS,5
3733,ShipBob,5
2620,UPS,3
4647,Instacart,13
4779,UPS,6
387,Postmates,4
620,DHL,2
3986,FedEx,5
4216,Instacart,14
132,DoorDash,8
2211,USPS,11
1191,UPS,11
562,UPS,14
1243,DHL,10
4630,ShipBob,4
1200,DHL,2
40,USPS,10
4158,USPS,8
835,ShipBob,9
4550,DoorDash,8
2155,DoorDash,12
539,FedEx,3
3515,Postmates,12
4163,FedEx,7
4077,DoorDash,3
4319,Instacart,2
2896,UPS,10
3623,USPS,10
610,Postmates,2
4501,DHL,8
3198,Instacart,13
2347,ShipBob,3
2440,DHL,7
3065,DoorDash,2
3752,DHL,2
4371,FedEx,10
4611,FedEx,1
2774,ShipBob,6
785,Instacart,10
972,DHL,7
1585,USPS,10
4756,Postmates,12
597,USPS,6
56,Instacart,1
4292,USPS,7
2158,UPS,8
3457,ShipBob,13
4188,Instacart,13
1311,USPS,4
1531,USPS,8
1231,ShipBob,2
4512,Instacart,9
360,Postmates,4
4062,UPS,6
1843,Instacart,5
1491,DHL,5
414,Instacart,3
1145,USPS,10
238,DHL,6
1931,Instacart,9
4957,Instacart,7
23,Postmates,14
893,Instacart,6
3636,DoorDash,8
873,ShipBob,9
63,USPS,9
1,DoorDash,5
3900,Postmates,13
2273,ShipBob,13
2192,USPS,1
2905,ShipBob,12
2275,DoorDash,4
3363,DHL,6
4309,DHL,4
3251,DoorDash,1
2075,ShipBob,10
4969,ShipBob,14
1359,USPS,2
3425,DoorDash,10
1996,FedEx,2
2699,UPS,8
650,Instacart,1
2590,FedEx,6
185,ShipBob,12
1387,FedEx,8
3557,ShipBob,3
1371,UPS,6
4492,UPS,5
2589,DoorDash,12
585,Postmates,2
4825,DoorDash,14
3974,Postmates,8
2929,DHL,3
3106,DHL,5
584,ShipBob,11
441,Postmates,5
3359,ShipBob,12
1078,Postmates,9
2717,ShipBob,12
389,USPS,10
4051,ShipBob,13
2953,ShipBob,13
1208,Instacart,1
4809,ShipBob,10
3084,DoorDash,9
4699,Postmates,4
3773,Instacart,9
1538,Instacart,8
2369,ShipBob,1
47,FedEx,12
4115,FedEx,9
4715,USPS,2
4210,UPS,3
1814,DHL,1
442,DHL,10
4121,DoorDash,2
3849,DHL,11
2315,UPS,14
4751,DHL,3
737,UPS,1
3768,USPS,6
2130,DHL,2
2005,Instacart,8
4769,FedEx,6
204,Instacart,2
436,DHL,4
266,Postmates,9
3189,UPS,3
1511,Instacart,5
3139,DHL,14
4849,USPS,11
4410,Instacart,4
4573,DHL,1
3530,DHL,4
3756,ShipBob,2
4273,ShipBob,2
4104,UPS,9
468,FedEx,8
1842,DHL,9
3431,DoorDash,2
4832,FedEx,14
1362,DoorDash,12
3477,FedEx,9
2358,DoorDash,11
942,FedEx,9
4129,ShipBob,8
4659,DoorDash,1
2052,FedEx,10
4081,DHL,2
2031,Instacart,2
3165,USPS,2
1247,Postmates,2
4498,DHL,11
4036,UPS,9
2035,USPS,3
3348,DHL,12
1419,Postmates,6
2712,Postmates,2
2227,ShipBob,11
746,DoorDash,3
126,FedEx,8
4522,DHL,9
372,DoorDash,3
3589,DoorDash,5
3904,Postmates,10
2984,FedEx,3
3684,DoorDash,14
4176,DoorDash,1
2664,ShipBob,10
67,FedEx,10
2186,UPS,12
1224,ShipBob,12
4937,DoorDash,12
2881,ShipBob,4
3729,FedEx,6
3966,USPS,5
1293,Instacart,11
4015,FedEx,7
1448,USPS,11
4783,DHL,12
1136,FedEx,7
907,DHL,13
2933,DoorDash,13
1186,Instacart,3
2720,UPS,5
2500,USPS,3
3653,Instacart,10
161,USPS,13
1504,Instacart,11
2959,Instacart,5
3059,ShipBob,10
422,USPS,9
4735,ShipBob,4
3483,Instacart,6
3807,DoorDash,11
1244,UPS,8
4595,DHL,8
177,FedEx,8
1704,USPS,10
646,Instacart,14
2305,FedEx,4
2954,FedEx,14
3958,DHL,2
4173,Postmates,13
4167,FedEx,13
4547,USPS,11
3916,Instacart,7
3154,ShipBob,14
4395,FedEx,13
4648,ShipBob,3
3547,Instacart,4
3570,USPS,7
602,DoorDash,9
3039,DHL,9
4654,UPS,14
2417,UPS,8
4889,Postmates,13
805,Instacart,13
1779,ShipBob,7
786,Instacart,10
2499,Postmates,1
2278,DoorDash,13
4681,DoorDash,3
3473,DoorDash,6
4620,USPS,5
4833,UPS,10
2899,DoorDash,1
4310,UPS,3
330,Instacart,9
2145,ShipBob,3
3004,UPS,8
775,UPS,8
1454,FedEx,9
2615,UPS,14
2815,DHL,11
4862,DoorDash,9
4798,ShipBob,4
2546,DoorDash,1
3273,Instacart,1
7,FedEx,11
3107,Instacart,13
3968,Postmates,13
4095,DoorDash,10
291,FedEx,7
3519,Instacart,14
3344,Instacart,13
1860,UPS,7
4988,Postmates,2
1383,Postmates,10
2958,DoorDash,4
2821,USPS,2
3982,FedEx,9
3140,UPS,13
733,UPS,5
4835,USPS,2
2572,UPS,7
3945,DHL,10
3419,USPS,1
3362,DHL,5
4261,FedEx,9
4318,ShipBob,3
2614,DoorDash,13
3187,DoorDash,12
4989,USPS,8
1745,FedEx,9
2767,Instacart,13
4994,DHL,2
644,ShipBob,9
3377,DHL,7
3259,DHL,6
2122,UPS,10
1690,Postmates,9
4852,FedEx,3
3833,USPS,7
4193,Instacart,1
3031,DHL,4
252,USPS,2
3153,USPS,2
4241,UPS,3
4554,Instacart,14
2059,USPS,14
2918,USPS,9
3404,FedEx,2
4828,Postmates,4
3286,DoorDash,7
2705,DHL,9
4662,FedEx,13
2765,Instacart,10
1307,UPS,13
3417,Instacart,11
2769,FedEx,8
3421,Postmates,8
820,FedEx,14
2829,DoorDash,10
290,DHL,6
794,Postmates,3
649,DHL,5
1778,DHL,4
4520,UPS,7
2728,UPS,7
2565,UPS,11
2173,Instacart,11
411,FedEx,11
1839,Instacart,13
103,UPS,1
1494,USPS,3
1525,USPS,10
1630,FedEx,10
1038,USPS,6
3218,DoorDash,6
4311,Instacart,12
503,Instacart,1
1278,FedEx,11
3053,ShipBob,13
4331,UPS,10
3754,ShipBob,5
3682,USPS,4
3544,Postmates,10
4330,USPS,6
3057,ShipBob,6
3481,DHL,7
3689,DoorDash,9
4829,DHL,8
2875,FedEx,8
4079,Postmates,2
3691,ShipBob,1
2843,FedEx,3
1706,ShipBob,6
1212,ShipBob,12
3912,DHL,4
174,FedEx,6
1993,Instacart,12
1966,ShipBob,6
3889,FedEx,6
4223,UPS,1
2381,Postmates,6
1618,Instacart,6
1273,ShipBob,9
4736,Instacart,4
1981,DoorDash,10
2223,UPS,13
4302,Instacart,1
2423,DoorDash,3
912,ShipBob,11
1736,USPS,3
2580,UPS,4
1151,UPS,12
2467,DHL,11
1253,Instacart,9
1257,UPS,14
68,ShipBob,1
348,UPS,7
4649,FedEx,5
4980,Instacart,9
3770,USPS,13
4930,DoorDash,9
4651,USPS,10
1306,Postmates,5
3650,USPS,6
261,UPS,13
428,UPS,14
529,ShipBob,9
2263,DoorDash,14
1984,DHL,12
3712,UPS,5
3991,FedEx,4
2457,Postmates,13
2400,ShipBob,7
2093,USPS,5
2399,ShipBob,6
2134,UPS,7
1653,FedEx,5
4385,DHL,5
3818,Instacart,5
1265,Instacart,12
2160,USPS,10
3400,FedEx,10
1502,Instacart,3
917,DHL,3
4944,USPS,10
3564,UPS,9
3249,FedEx,9
4438,DoorDash,9
4668,FedEx,10
711,Instacart,3
3508,USPS,3
1499,DHL,3
3702,DHL,8
813,ShipBob,9
2118,FedEx,2
2299,FedEx,10
3957,USPS,5
697,DHL,4
2436,FedEx,6
3502,FedEx,1
4629,DHL,7
766,DHL,5
3025,UPS,2
1663,Instacart,4
1071,FedEx,5
2484,DoorDash,9
2757,Postmates,1
1376,ShipBob,14
1700,USPS,11
3104,Instacart,10
4463,Postmates,6
1909,FedEx,14
4766,USPS,7
2222,Postmates,1
2100,UPS,14
3622,DoorDash,13
2688,DHL,12
688,DoorDash,6
4413,USPS,12
886,Instacart,3
371,ShipBob,4
3014,FedEx,7
350,DoorDash,4
2236,DoorDash,11
1972,UPS,5
131,Postmates,11
4144,Instacart,14
1394,FedEx,11
2813,Instacart,6
52,UPS,8
4434,ShipBob,10
3402,FedEx,7
1001,ShipBob,4
4022,Postmates,12
2660,DHL,11
1406,DHL,2
3069,Postmates,5
705,USPS,9
3236,UPS,9
340,Instacart,5
567,FedEx,8
1292,Instacart,9
2402,Instacart,10
3946,DoorDash,13
4873,ShipBob,13
1769,USPS,3
2781,Postmates,2
3353,UPS,11
3052,Postmates,4
1563,Postmates,12
660,UPS,5
1169,DoorDash,4
767,DHL,10
1422,USPS,6
909,ShipBob,8
2497,Instacart,1
3283,FedEx,4
2872,Instacart,4
3462,Instacart,13
664,DHL,10
994,USPS,8
2017,ShipBob,2
1989,FedEx,14
3602,Instacart,10
3396,FedEx,9
4065,DHL,14
3488,Instacart,14
2809,FedEx,8
1661,DoorDash,7
3079,Instacart,10
302,UPS,2
4398,USPS,12
4755,ShipBob,11
2475,FedEx,1
632,Postmates,10
831,DoorDash,2
4145,ShipBob,7
137,UPS,6
2599,UPS,14
1290,DHL,6
3340,ShipBob,3
3449,FedEx,1
2424,Postmates,3
4987,Postmates,7
2742,DoorDash,13
3290,Postmates,7
4268,DHL,6
3346,Postmates,14
3635,Postmates,6
392,Instacart,9
3851,FedEx,3
3517,Postmates,6
4568,Postmates,14
1218,UPS,12
336,Postmates,14
1053,FedEx,9
404,Postmates,11
361,ShipBob,5
331,UPS,4
615,UPS,13
3103,USPS,14
897,ShipBob,13
3011,UPS,13
4258,USPS,2
903,Postmates,7
1734,DoorDash,5
3812,ShipBob,9
3055,UPS,1
329,FedEx,11
2983,DoorDash,6
3942,Instacart,7
3651,USPS,13
3116,FedEx,3
2752,DoorDash,10
412,Postmates,11
417,ShipBob,4
3918,Instacart,12
3022,UPS,7
552,DHL,14
765,Instacart,7
2624,USPS,11
1436,Instacart,3
19,Postmates,5
4815,DoorDash,10
1255,USPS,13
1676,FedEx,6
712,Instacart,11
1739,USPS,7
4450,ShipBob,7
1370,USPS,6
216,Postmates,11
2111,DHL,1
4439,DHL,14
4178,USPS,14
4466,ShipBob,4
1321,USPS,3
2952,DHL,4
1393,DoorDash,2
1072,FedEx,12
4269,UPS,8
367,DHL,6
4406,Postmates,13
1187,DHL,3
3384,DoorDash,2
3721,FedEx,9
4983,UPS,9
2665,DHL,14
4749,USPS,4
4213,FedEx,1
3540,UPS,4
960,USPS,1
1063,DoorDash,10
3998,FedEx,7
4453,FedEx,6
3526,FedEx,4
3380,USPS,9
18,FedEx,4
3639,DHL,9
1773,DoorDash,8
80,UPS,4
3796,USPS,14
2598,DHL,2
3789,DHL,6
113,Postmates,13
823,DHL,3
2146,ShipBob,1
1473,USPS,9
320,UPS,8
4041,ShipBob,7
1753,Postmates,13
2308,UPS,1
4836,Instacart,10
4400,DoorDash,5
2928,Instacart,13
3767,DoorDash,11
421,DoorDash,7
3774,Instacart,6
788,DoorDash,3
2370,DoorDash,11
4848,DHL,1
2495,ShipBob,8
4717,DHL,2
916,FedEx,13
4603,DHL,14
3877,USPS,9
157,Postmates,12
1004,DoorDash,3
2092,FedEx,12
4814,FedEx,3
3262,UPS,10
865,UPS,11
3538,Instacart,10
3777,Postmates,12
3035,DoorDash,9
2768,ShipBob,2
3646,Instacart,13
3730,Postmates,10
3577,Postmates,14
1793,FedEx,10
3182,Postmates,2
2229,ShipBob,11
1747,DoorDash,5
3960,Instacart,3
2532,DHL,7
298,DoorDash,3
106,Instacart,6
4701,USPS,11
1392,ShipBob,5
139,ShipBob,8
407,USPS,3
4317,USPS,8
485,ShipBob,6
2713,DoorDash,11
4393,UPS,8
1724,ShipBob,14
4965,FedEx,13
3599,Instacart,3
2137,DHL,7
750,DHL,11
1332,DHL,12
571,UPS,10
900,ShipBob,1
2601,DoorDash,6
1740,UPS,1
4246,Instacart,2
4181,ShipBob,7
3258,FedEx,14
2544,FedEx,11
559,USPS,12
4312,USPS,10
4171,USPS,5
4482,DoorDash,3
2824,FedEx,10
654,DoorDash,14
41,Postmates,1
2658,FedEx,12
4562,DHL,14
4590,DHL,8
2863,DHL,11
3366,ShipBob,8
2672,Instacart,6
2567,Instacart,3
761,UPS,8
938,USPS,14
489,ShipBob,10
730,FedEx,10
3401,DoorDash,7
1681,UPS,8
2337,ShipBob,5
2414,DHL,12
566,Instacart,2
518,ShipBob,2
4415,DoorDash,11
1139,UPS,8
4226,Postmates,11
4053,DoorDash,11
4614,DHL,5
4912,UPS,12
1316,ShipBob,9
1403,USPS,7
1830,DHL,9
4433,Postmates,13
3386,USPS,14
1209,DHL,4
4725,FedEx,12
870,DoorDash,4
2626,ShipBob,13
1684,Instacart,13
3226,Instacart,9
2294,FedEx,7
2644,Postmates,1
4019,DHL,7
3043,USPS,10
2461,USPS,9
2690,ShipBob,1
4510,DHL,5
2430,DHL,5
3399,DoorDash,2
885,Postmates,10
458,Postmates,6
3638,FedEx,3
2750,Postmates,7
1851,Instacart,4
1733,USPS,14
2453,FedEx,6
757,ShipBob,1
709,FedEx,11
4753,DHL,9
1429,Postmates,6
4734,ShipBob,10
2764,ShipBob,3
4103,UPS,6
2264,DoorDash,9
2893,UPS,4
1116,USPS,10
2508,DHL,12
2974,Instacart,5
2219,FedEx,2
481,DHL,12
1193,Postmates,13
1459,ShipBob,4
1211,DoorDash,14
2239,Postmates,3
2522,ShipBob,7
243,Postmates,6
4652,UPS,14
829,ShipBob,6
3826,UPS,7
1601,DHL,12
1080,USPS,3
324,UPS,6
79,DoorDash,13
1245,DHL,5
356,Postmates,3
547,UPS,9
1322,Postmates,4
2985,DoorDash,6
2454,Instacart,6
963,USPS,2
4802,ShipBob,7
2084,DHL,6
1101,USPS,4
3233,ShipBob,10
3746,UPS,3
44,DoorDash,6
2524,DHL,7
3395,ShipBob,9
3216,DHL,7
3866,Postmates,1
4306,DoorDash,7
3817,Instacart,3
3429,UPS,14
4964,DHL,5
4238,UPS,8
1811,FedEx,2
1808,USPS,8
59,DoorDash,14
3671,USPS,5
4114,FedEx,3
4417,Postmates,13
4911,FedEx,1
1677,ShipBob,1
3156,UPS,12
2696,USPS,1
2016,Postmates,6
2799,DHL,4
1837,DoorDash,2
2760,DHL,8
2106,USPS,10
1982,USPS,3
2411,DoorDash,1
2936,DoorDash,1
4067,UPS,11
3217,USPS,3
2107,ShipBob,6
228,Instacart,10
729,DHL,3
4205,DHL,5
4337,Postmates,14
2651,ShipBob,6
4791,ShipBob,9
3878,Instacart,12
1907,UPS,13
434,Instacart,6
4865,Postmates,5
1665,ShipBob,9
4436,DoorDash,6
2233,ShipBob,13
4307,DoorDash,8
77,FedEx,3
923,UPS,2
3772,DHL,12
3492,UPS,2
469,DoorDash,10
2390,Postmates,14
2377,DHL,14
4935,DoorDash,2
2597,Postmates,1
2128,USPS,4
2878,Instacart,9
4456,FedEx,8
911,USPS,9
2652,Instacart,3
3458,USPS,3
4334,FedEx,5
890,USPS,13
4508,FedEx,11
248,Postmates,8
570,Instacart,5
1949,Postmates,14
1220,USPS,9
366,FedEx,1
1904,FedEx,4
526,USPS,8
4899,FedEx,8
1961,DHL,2
1363,USPS,3
1852,DoorDash,1
2967,FedEx,7
4968,FedEx,14
2730,UPS,5
1353,FedEx,1
3489,DHL,6
4285,ShipBob,14
1263,Postmates,4
3535,ShipBob,10
1781,ShipBob,6
1716,Instacart,5
2037,DoorDash,10
978,DoorDash,5
2120,FedEx,9
844,Instacart,5
2786,Instacart,3
513,ShipBob,10
2479,Postmates,4
4218,Postmates,2
1992,Instacart,13
2365,Instacart,1
3326,USPS,9
4993,UPS,10
2339,FedEx,12
3584,DoorDash,14
178,Instacart,12
3763,Instacart,8
34,UPS,13
365,FedEx,4
2212,ShipBob,7
3063,ShipBob,7
2255,Instacart,14
2543,USPS,1
3058,USPS,11
3123,ShipBob,3
4454,Postmates,9
675,DHL,4
2062,Instacart,7
2577,DoorDash,12
4099,ShipBob,3
4583,FedEx,2
4419,DHL,12
4619,USPS,2
1583,ShipBob,9
4247,FedEx,13
4128,USPS,13
2234,ShipBob,2
4458,USPS,8
935,FedEx,12
2612,DoorDash,6
2442,Postmates,10
2056,USPS,11
2776,USPS,9
1124,DoorDash,1
2987,USPS,2
1567,USPS,4
85,Postmates,14
2262,Postmates,8
4153,DHL,10
4759,DoorDash,2
2897,ShipBob,12
401,FedEx,11
4191,FedEx,6
285,USPS,8
1862,ShipBob,9
1644,DHL,9
2041,FedEx,11
619,FedEx,7
1300,ShipBob,7
2552,FedEx,2
1372,UPS,1
3753,Postmates,6
22,FedEx,4
2498,DHL,5
1682,DHL,10
596,ShipBob,11
4080,ShipBob,13
335,DoorDash,5
1591,ShipBob,7
3956,Instacart,1
1884,Instacart,5
3647,DoorDash,10
3844,DoorDash,3
887,Instacart,5
183,USPS,10
4790,UPS,3
294,Instacart,1
1799,ShipBob,8
1625,Postmates,1
3811,USPS,3
4332,UPS,4
3690,UPS,13
4584,UPS,9
4519,ShipBob,6
4540,FedEx,12
3509,ShipBob,5
1377,ShipBob,4
2089,Postmates,10
1500,FedEx,12
2995,ShipBob,12
3794,UPS,6
3033,DoorDash,5
4628,Postmates,10
2906,UPS,9
4422,UPS,3
1766,Postmates,7
4068,USPS,11
430,DoorDash,11
4089,UPS,7
3858,DoorDash,11
1404,UPS,8
2694,USPS,5
4888,DHL,13
426,USPS,6
2018,Instacart,12
2981,Instacart,4
2655,UPS,5
427,UPS,7
3852,FedEx,1
1900,UPS,9
4563,ShipBob,11
1246,Instacart,1
451,ShipBob,11
4168,USPS,6
454,UPS,10
3292,DoorDash,10
1280,FedEx,1
3947,DoorDash,3
744,UPS,6
4196,DoorDash,8
2167,USPS,13
1230,USPS,7
328,UPS,8
1276,FedEx,1
4523,DHL,8
668,ShipBob,8
1510,DoorDash,5
984,DoorDash,9
2785,Postmates,4
2338,DoorDash,3
1083,Instacart,5
2226,USPS,12
3735,DHL,6
1413,ShipBob,10
3699,DHL,10
612,Instacart,12
1390,UPS,4
604,Postmates,3
14,UPS,14
2562,ShipBob,7
4946,FedEx,12
4857,Postmates,1
4323,FedEx,7
3124,ShipBob,10
3122,DoorDash,8
4243,USPS,9
4011,FedEx,1
1205,DHL,10
1461,USPS,11
4754,DoorDash,3
3253,DoorDash,2
1631,USPS,5
4714,ShipBob,7
2304,FedEx,5
83,USPS,2
3423,FedEx,9
915,UPS,13
4480,FedEx,1
2324,Instacart,8
4680,USPS,1
420,DoorDash,8
4661,DHL,10
2302,USPS,10
418,FedEx,4
202,DoorDash,4
2269,UPS,4
1844,DHL,3
1579,DHL,13
2456,DoorDash,9
2389,Instacart,9
1184,ShipBob,14
4939,Postmates,14
3711,DoorDash,1
4845,UPS,14
91,Instacart,13
1022,UPS,8
3630,ShipBob,13
2080,DHL,14
3271,Postmates,12
4879,FedEx,1
2368,FedEx,9
3661,UPS,11
2178,ShipBob,3
2215,DHL,1
3802,Instacart,6
2228,DoorDash,6
770,FedEx,5
2662,DoorDash,5
119,Instacart,5
3469,USPS,11
3347,USPS,3
73,DHL,11
3937,DHL,2
4942,UPS,6
3720,DHL,7
3357,DHL,5
2206,Instacart,2
16,UPS,7
3585,UPS,6
3994,DHL,6
608,USPS,2
648,Instacart,4
2579,UPS,12
516,DHL,12
1162,FedEx,7
3917,Postmates,7
4024,ShipBob,8
256,Postmates,11
1521,FedEx,4
2702,Postmates,5
4602,Instacart,11
4947,DHL,1
1616,Instacart,14
4108,USPS,9
1695,FedEx,6
3487,DoorDash,2
396,USPS,10
806,USPS,14
312,USPS,11
4640,DHL,13
2693,FedEx,5
843,FedEx,9
2290,UPS,4
3289,Postmates,10
1216,UPS,11
716,DHL,11
1654,ShipBob,3
2751,DHL,7
4149,ShipBob,12
1476,FedEx,5
4487,ShipBob,12
181,Postmates,11
3002,UPS,12
1951,FedEx,4
4538,ShipBob,8
3027,Postmates,2
1705,ShipBob,2
3013,UPS,6
926,DHL,3
2670,FedEx,7
3181,DoorDash,5
2554,Postmates,7
1411,ShipBob,4
3591,DHL,14
3641,Instacart,6
4354,Postmates,10
4713,DoorDash,10
1822,USPS,10
2731,Postmates,9
2004,Instacart,10
3026,Postmates,9
4322,Postmates,6
4424,DoorDash,7
861,Instacart,12
4923,USPS,12
147,FedEx,8
3910,FedEx,8
347,DHL,1
3097,USPS,3
3563,FedEx,1
507,FedEx,11
188,DoorDash,11
3847,Instacart,10
46,ShipBob,5
1153,Postmates,3
2478,USPS,13
1921,DHL,3
4206,USPS,6
2073,Postmates,14
4039,ShipBob,10
863,DHL,1
1434,Postmates,14
1956,DHL,7
280,UPS,13
1945,DHL,12
2115,USPS,12
2810,ShipBob,10
3505,UPS,3
1571,DoorDash,2
1589,FedEx,3
2741,ShipBob,3
3667,DoorDash,12
1142,DoorDash,12
2864,Postmates,1
1088,Instacart,8
2647,DHL,9
2350,DHL,3
530,Instacart,2
1534,Instacart,5
4746,FedEx,10
3800,DHL,2
4485,ShipBob,1
1770,ShipBob,2
827,ShipBob,14
4489,UPS,13
719,UPS,9
2392,ShipBob,14
263,DHL,9
2645,Instacart,11
1568,DoorDash,6
4959,FedEx,5
1980,ShipBob,6
1672,Postmates,3
3169,UPS,4
1551,FedEx,2
4141,USPS,9
4125,DoorDash,4
4382,Instacart,10
3102,DHL,13
4373,Instacart,10
1911,DHL,13
1052,USPS,7
3080,FedEx,14
1976,FedEx,14
871,FedEx,10
4524,DoorDash,5
1776,Postmates,12
4366,UPS,13
1227,Instacart,11
815,Postmates,9
4005,DHL,3
2891,UPS,4
4192,FedEx,13
4514,DHL,12
4505,DoorDash,3
3785,ShipBob,2
921,Postmates,1
3468,Postmates,7
4742,DHL,12
316,Instacart,11
2157,Postmates,5
3518,Instacart,14
4553,USPS,2
4043,USPS,3
2812,DoorDash,14
3074,Instacart,6
2884,USPS,3
10,ShipBob,2
4903,Instacart,10
4157,FedEx,6
2058,Postmates,7
72,UPS,1
109,FedEx,12
4147,ShipBob,10
3147,UPS,2
2224,ShipBob,11
1122,ShipBob,4
2740,Postmates,10
714,USPS,6
1515,UPS,14
981,Postmates,9
1651,DHL,8
2965,DHL,8
305,DHL,14
580,DoorDash,1
1509,DHL,14
195,UPS,7
3550,DoorDash,12
37,FedEx,7
1305,FedEx,4
3604,Postmates,6
3762,Postmates,9
3905,Postmates,9
2700,Postmates,4
3677,Postmates,9
2937,ShipBob,11
3608,Postmates,9
2817,USPS,5
1455,DoorDash,9
419,DHL,9
2788,DoorDash,10
780,UPS,8
1460,Postmates,7
2024,UPS,7
4381,USPS,1
952,DoorDash,13
1857,ShipBob,13
4764,Postmates,3
4407,USPS,12
4372,USPS,1
4646,DoorDash,8
3615,Instacart,14
4279,USPS,7
2213,ShipBob,13
3976,DHL,13
2871,FedEx,14
4797,FedEx,1
1262,USPS,7
1206,DoorDash,7
4739,DHL,4
3587,ShipBob,13
1180,DoorDash,5
4429,UPS,5
4161,ShipBob,8
642,UPS,10
399,DoorDash,4
4918,ShipBob,1
3280,FedEx,11
375,ShipBob,6
473,USPS,9
4201,FedEx,12
2373,DHL,10
803,UPS,1
4297,Postmates,10
3662,DoorDash,12
4272,Postmates,9
4402,ShipBob,4
549,ShipBob,11
1207,USPS,2
4358,DHL,3
924,DHL,2
2458,USPS,12
3984,Instacart,2
1194,Instacart,3
4440,USPS,11
2646,Postmates,1
2673,UPS,12
2385,FedEx,9
3600,USPS,14
2782,FedEx,3
1125,FedEx,14
3436,ShipBob,12
3250,FedEx,11
1117,DHL,5
2482,FedEx,9
948,Postmates,5
4884,Postmates,7
167,Instacart,14
1777,Instacart,2
4006,Instacart,10
3171,Postmates,11
4883,Instacart,1
2152,FedEx,14
1597,DoorDash,12
3656,UPS,10
3732,Instacart,2
220,USPS,2
2533,DoorDash,5
3670,Postmates,8
523,FedEx,11
4185,Postmates,14
1319,FedEx,3
1354,Postmates,5
3698,ShipBob,10
3676,DHL,2
1266,ShipBob,8
2335,DHL,9
4432,FedEx,13
2464,DoorDash,7
358,FedEx,8
2753,ShipBob,4
3678,DoorDash,2
2386,FedEx,11
2734,UPS,13
1109,USPS,3
4807,USPS,1
2689,DHL,6
4169,UPS,4
4357,Postmates,6
3987,USPS,4
3459,ShipBob,6
1214,Instacart,11
1239,USPS,1
2372,UPS,4
4672,USPS,8
4299,ShipBob,6
247,Instacart,9
3830,ShipBob,13
4670,Instacart,1
3528,DoorDash,13
486,FedEx,10
2119,Postmates,3
2382,DHL,5
4423,DoorDash,10
4370,Postmates,13
3228,Instacart,1
4376,USPS,4
2284,Postmates,4
2493,Postmates,2
1019,FedEx,12
197,ShipBob,3
1541,DoorDash,6
1294,DoorDash,8
2561,DoorDash,12
1025,FedEx,4
1813,Instacart,7
2603,DoorDash,9
1642,DHL,13
3372,UPS,7
3266,Postmates,11
395,USPS,8
3983,FedEx,3
3318,ShipBob,12
1965,DHL,8
1297,Postmates,10
3175,FedEx,3
3710,USPS,5
1444,Instacart,3
4042,Postmates,4
1570,Instacart,12
1891,DHL,14
2266,DoorDash,10
1277,ShipBob,11
4172,Instacart,5
1562,USPS,12
2235,DoorDash,10
2945,UPS,11
1094,ShipBob,8
1028,Instacart,9
4179,UPS,13
4127,Instacart,2
3494,ShipBob,8
1831,FedEx,4
2956,Instacart,14
2738,ShipBob,1
3537,Instacart,7
1865,Instacart,1
899,Postmates,8
2592,UPS,6
3783,FedEx,4
1268,Instacart,13
3180,Instacart,13
2282,Instacart,14
152,USPS,14
3574,Postmates,8
2850,ShipBob,9
4054,USPS,4
4604,USPS,9
3901,UPS,12
3081,ShipBob,8
2963,UPS,12
1586,FedEx,9
362,Instacart,11
4566,DoorDash,12
4511,FedEx,8
4860,Instacart,1
4844,FedEx,8
3114,DoorDash,10
2328,UPS,7
1927,FedEx,7
4467,Instacart,1
4446,Postmates,6
2466,Instacart,2
3970,DHL,6
1645,Instacart,12
4917,DoorDash,3
429,Postmates,6
1059,UPS,4
3382,DoorDash,3
2210,USPS,3
2588,UPS,1
3275,DHL,6
1134,DHL,4
1994,UPS,2
3312,ShipBob,3
1267,USPS,5
4133,Postmates,3
391,FedEx,9
4495,Instacart,13
279,USPS,8
2629,ShipBob,9
4984,FedEx,5
218,USPS,1
4656,Instacart,8
386,ShipBob,12
625,DHL,12
4931,DHL,11
3252,FedEx,1
250,DHL,2
211,USPS,3
4027,Instacart,12
1410,UPS,14
880,DoorDash,10
4719,DoorDash,3
1629,DHL,4
4666,USPS,4
2789,FedEx,3
2139,Postmates,11
1447,USPS,13
1189,Instacart,2
1901,ShipBob,11
3787,ShipBob,2
2569,UPS,14
4743,Instacart,8
4343,FedEx,10
3757,FedEx,7
4303,Postmates,8
4543,Instacart,5
1774,USPS,8
296,Instacart,7
2844,ShipBob,2
2352,Postmates,12
3908,UPS,4
3145,Instacart,4
1064,Instacart,1
1833,DHL,7
2523,UPS,9
4695,DHL,7
1389,ShipBob,3
12,Postmates,7
1836,Postmates,2
677,ShipBob,12
1849,DHL,2
1440,UPS,7
3222,DoorDash,7
502,UPS,10
3939,FedEx,14
3706,DoorDash,5
3049,FedEx,9
3329,DoorDash,6
2351,ShipBob,5
536,ShipBob,11
4907,ShipBob,11
895,FedEx,13
2188,UPS,8
1317,DoorDash,13
692,Instacart,6
3211,UPS,6
3683,USPS,1
1084,ShipBob,1
3969,ShipBob,1
286,Instacart,10
1863,FedEx,6
4571,DoorDash,12
3210,DHL,14
4208,Postmates,10
222,DoorDash,5
4030,FedEx,14
3776,USPS,14
4702,Instacart,14
2483,FedEx,14
2413,DHL,12
3716,USPS,5
1155,Postmates,5
3087,Postmates,6
4978,UPS,7
2962,USPS,9
4730,ShipBob,12
1850,FedEx,12
3780,USPS,2
4667,UPS,13
1299,UPS,8
1573,FedEx,11
3867,Postmates,14
1007,USPS,6
3418,USPS,5
4499,Postmates,1
4428,DoorDash,5
3085,Instacart,14
4166,DoorDash,1
3743,UPS,7
3582,DHL,3
4220,DoorDash,7
4256,DHL,8
1662,Postmates,8
4,Instacart,5
1435,USPS,4
1964,UPS,9
4707,Postmates,12
304,DHL,5
4283,Instacart,11
1210,DoorDash,13
4624,FedEx,2
965,FedEx,1
1156,Postmates,14
4477,UPS,11
35,FedEx,14
2538,ShipBob,11
4278,FedEx,3
2922,USPS,13
4706,Postmates,11
1915,DoorDash,5
377,ShipBob,4
3769,Instacart,13
3407,DoorDash,10
4922,FedEx,13
888,DHL,3
1498,ShipBob,11
629,FedEx,14
3096,DoorDash,1
4073,DoorDash,5
4010,Postmates,5
2968,DoorDash,4
4696,Postmates,4
203,Instacart,1
857,ShipBob,5
854,USPS,2
205,DoorDash,4
2256,Instacart,6
4606,DHL,1
2124,Postmates,13
3208,FedEx,9
599,Instacart,2
117,Instacart,8
4880,UPS,7
105,Instacart,2
3464,DHL,9
1407,DoorDash,5
1201,DHL,3
2151,ShipBob,2
4058,FedEx,4
2333,UPS,10
3779,ShipBob,3
1801,ShipBob,6
4096,USPS,4
922,Postmates,8
58,DHL,9
1559,DHL,9
2790,Postmates,6
1786,UPS,12
773,Postmates,13
2568,DoorDash,9
4240,DoorDash,12
3276,FedEx,14
2330,UPS,8
4282,DoorDash,2
3549,ShipBob,8
3159,Instacart,7
2510,UPS,13
641,Postmates,10
3152,DoorDash,7
1171,DoorDash,5
1751,DHL,6
2715,ShipBob,13
478,UPS,11
3047,Postmates,10
4664,DoorDash,10
4170,Instacart,6
4448,ShipBob,6
2833,Postmates,13
2238,Instacart,1
655,UPS,5
818,DoorDash,3
2015,Instacart,4
2771,Instacart,1
1818,FedEx,4
74,ShipBob,7
4645,DHL,14
4180,ShipBob,10
2996,Instacart,3
4548,Postmates,12
2306,ShipBob,10
403,DHL,10
1614,UPS,8
2443,UPS,14
4476,Instacart,10
199,Postmates,10
931,ShipBob,8
4805,Postmates,12
1339,Instacart,10
2113,UPS,3
3219,FedEx,14
2991,DoorDash,2
2468,ShipBob,9
2724,DHL,7
2042,DoorDash,6
1458,FedEx,10
1103,Instacart,9
1794,ShipBob,5
3805,DoorDash,10
919,Postmates,4
4500,USPS,8
3088,USPS,4
182,USPS,8
2459,Instacart,7
341,ShipBob,7
2109,ShipBob,14
1950,Instacart,1
2975,Instacart,6
1177,Postmates,9
440,Postmates,2
4626,USPS,10
3127,DHL,9
2513,Postmates,10
4785,UPS,8
1015,Instacart,12
3071,Postmates,11
48,ShipBob,9
2009,UPS,9
1077,Postmates,8
4599,DoorDash,11
3673,DoorDash,9
3485,UPS,4
4960,Instacart,7
4271,FedEx,2
1466,UPS,11
3744,Instacart,4
3009,Instacart,13
739,DHL,12
3263,Postmates,1
2270,ShipBob,8
4333,Postmates,10
4109,Instacart,10
1968,DHL,6
707,ShipBob,6
4336,DoorDash,8
1330,DoorDash,9
3070,ShipBob,10
4929,Postmates,8
3212,USPS,3
1430,UPS,3
3705,UPS,5
4712,Instacart,11
2357,UPS,12
934,DoorDash,14
795,ShipBob,10
3295,DoorDash,8
4838,DoorDash,12
3476,DoorDash,3
3951,FedEx,9
2237,FedEx,12
3075,FedEx,14
1100,DHL,5
1800,Instacart,1
1906,USPS,5
303,DHL,1
3201,USPS,11
4408,DoorDash,14
3814,DHL,4
3874,Postmates,9
3397,USPS,14
811,DoorDash,4
1526,Postmates,12
1868,FedEx,12
836,USPS,11
4841,DHL,14
1364,ShipBob,10
2014,DoorDash,12
2807,UPS,9
4949,Postmates,13
1144,DoorDash,12
2476,FedEx,3
82,DoorDash,5
1442,Instacart,9
483,Postmates,13
4091,DHL,12
30,Instacart,4
1110,UPS,14
2231,FedEx,11
1765,Postmates,12
2434,Postmates,14
2602,DoorDash,5
3454,ShipBob,9
4003,Instacart,10
3296,UPS,5
1893,DoorDash,1
1898,ShipBob,14
846,ShipBob,7
3736,USPS,10
3461,DoorDash,7
4072,UPS,5
4355,ShipBob,9
1804,FedEx,7
1973,UPS,2
1289,FedEx,14
3166,Instacart,13
4674,DoorDash,3
2961,USPS,7
2088,Instacart,13
241,ShipBob,1
1666,USPS,10
278,ShipBob,11
509,DHL,12
4219,DoorDash,14
2253,Instacart,12
3719,Postmates,11
1730,ShipBob,3
4364,UPS,3
4475,DHL,13
4704,ShipBob,8
267,UPS,6
791,DoorDash,10
2907,DHL,12
455,Instacart,11
3254,DoorDash,7
4572,DHL,1
3514,UPS,7
1032,UPS,6
2594,DoorDash,8
2549,ShipBob,1
3534,USPS,4
415,ShipBob,8
2162,FedEx,8
55,ShipBob,10
416,UPS,5
2083,USPS,6
1240,Instacart,8
3920,Instacart,8
4909,ShipBob,2
345,DoorDash,2
2172,FedEx,12
532,USPS,6
3439,FedEx,1
1580,DHL,7
851,ShipBob,6
1535,FedEx,10
4224,DHL,8
265,Postmates,11
3256,DoorDash,6
828,USPS,10
4202,ShipBob,11
2735,ShipBob,12
2421,ShipBob,12
122,DHL,3
1889,ShipBob,2
3484,DoorDash,14
732,DHL,2
4186,Postmates,8
1912,UPS,10
3041,Instacart,12
1719,DHL,1
2649,UPS,13
254,FedEx,5
4587,UPS,12
947,Postmates,1
3365,Postmates,3
2439,DHL,3
2570,USPS,5
2604,DoorDash,10
1340,DoorDash,13
1202,DoorDash,14
2096,FedEx,10
914,DHL,13
1743,DoorDash,3
2989,DoorDash,7
776,DHL,5
1728,UPS,14
1264,Postmates,7
3327,USPS,10
3356,ShipBob,3
4752,Instacart,13
3989,UPS,14
281,Postmates,6
3513,DoorDash,4
845,USPS,7
1670,DHL,3
2980,USPS,12
4194,DoorDash,14
3460,DHL,3
1344,Instacart,14
272,DoorDash,6
553,FedEx,5
3260,DHL,4
812,ShipBob,14
3291,FedEx,9
1887,DHL,8
3118,DoorDash,1
4615,UPS,1
1564,UPS,12
3871,Instacart,1
1012,Postmates,13
4786,UPS,2
1175,UPS,12
2259,UPS,3
4442,FedEx,11
394,ShipBob,13
164,FedEx,11
783,FedEx,2
4618,Instacart,14
3868,DHL,12
2103,Postmates,5
3571,Postmates,8
3586,FedEx,8
2001,Instacart,7
1634,USPS,13
840,DHL,14
138,FedEx,12
4863,Instacart,11
3834,Postmates,4
3467,UPS,3
1163,USPS,11
4401,UPS,5
1590,Postmates,4
2174,UPS,9
2319,Postmates,12
3888,DHL,13
2074,DoorDash,12
2292,DHL,12
53,USPS,8
505,UPS,10
704,USPS,11
1334,Instacart,11
1437,USPS,13
2865,Instacart,2
1351,FedEx,2
3150,Instacart,5
3350,DoorDash,8
3633,FedEx,9
110,USPS,6
663,UPS,13
3045,USPS,6
4556,Instacart,6
4411,FedEx,4
171,FedEx,11
858,Instacart,1
1082,Postmates,2
4850,DoorDash,10
431,USPS,7
4452,Instacart,2
3552,UPS,3
3765,ShipBob,3
824,Postmates,3
65,UPS,9
4175,Postmates,8
855,UPS,4
2367,Instacart,11
1011,FedEx,2
4765,FedEx,12
3747,Postmates,6
4575,ShipBob,6
4900,DHL,6
988,Postmates,6
2044,FedEx,7
2303,DoorDash,5
2445,ShipBob,13
1869,DoorDash,2
2336,DHL,13
4700,Instacart,4
42,Postmates,9
2526,USPS,13
3675,Instacart,8
4592,ShipBob,7
867,DoorDash,2
754,UPS,5
822,Instacart,3
4555,FedEx,10
357,FedEx,11
2261,FedEx,3
2882,DoorDash,4
1835,DHL,11
2926,Instacart,1
2332,DoorDash,12
778,Postmates,5
638,ShipBob,7
3837,ShipBob,12
4199,DoorDash,6
2345,DHL,14
2904,DoorDash,11
2040,UPS,8
869,ShipBob,11
3475,USPS,3
1487,Instacart,9
3299,DoorDash,7
3725,DHL,9
2835,FedEx,8
1707,DHL,3
33,DoorDash,9
4644,Postmates,10
206,Postmates,11
1203,FedEx,4
875,ShipBob,8
4775,DoorDash,5
3605,UPS,2
2663,Instacart,5
2404,Postmates,1
3512,Instacart,4
4831,DoorDash,8
3390,FedEx,11
4774,UPS,12
3060,USPS,7
3270,UPS,2
2293,USPS,13
2566,Instacart,13
4421,FedEx,6
3649,FedEx,7
2826,USPS,1
753,Instacart,6
3188,FedEx,1
790,Instacart,3
2727,Instacart,3
1118,Postmates,2
4139,DoorDash,8
3433,DHL,8
2095,UPS,3
2627,DoorDash,6
2477,DoorDash,9
4274,Postmates,7
4396,DoorDash,9
3388,Instacart,7
3669,DHL,1
2661,UPS,8
968,DoorDash,4
4758,UPS,2
149,FedEx,13
4792,USPS,5
3227,DoorDash,4
2441,DHL,3
3193,DoorDash,8
2867,ShipBob,12
2677,Postmates,3
3432,FedEx,5
487,UPS,1
1717,Instacart,7
1658,DHL,13
2254,DoorDash,6
1997,Instacart,7
3884,FedEx,12
2110,USPS,13
2242,Instacart,10
1827,USPS,2
821,ShipBob,13
3221,Postmates,14
3843,Postmates,10
2921,USPS,12
4368,Instacart,13
4474,Instacart,14
3617,ShipBob,14
51,Instacart,9
1115,Postmates,14
3032,FedEx,13
3941,ShipBob,4
2081,USPS,13
2997,Postmates,4
3685,DoorDash,2
1302,FedEx,13
124,UPS,12
2667,DHL,8
1957,DHL,13
3023,Postmates,8
3929,DHL,14
3965,DHL,5
456,DoorDash,5
1871,FedEx,13
444,USPS,11
3248,DoorDash,7
1959,USPS,4
1401,Instacart,2
1400,FedEx,3
1331,ShipBob,12
4905,Postmates,14
4392,DoorDash,6
3890,Postmates,2
4459,DoorDash,14
4245,UPS,13
99,DoorDash,13
435,USPS,5
2431,Postmates,6
3835,ShipBob,3
3470,ShipBob,8
4612,DHL,5
3391,DHL,9
920,Instacart,6
3332,Instacart,13
373,UPS,8
25,ShipBob,8
3287,FedEx,3
484,Instacart,7
2425,ShipBob,8
1102,DHL,4
3758,DHL,10
2527,Instacart,7
2217,Instacart,2
590,USPS,14
1796,Postmates,12
4777,UPS,8
1592,ShipBob,11
1971,FedEx,7
1533,ShipBob,8
3274,Instacart,3
2280,UPS,7
3606,Instacart,8
1878,USPS,13
2272,FedEx,3
470,DHL,10
782,DHL,3
1043,UPS,7
4052,DHL,11
1133,ShipBob,3
2972,Instacart,13
514,ShipBob,11
4741,USPS,5
1409,ShipBob,2
2011,ShipBob,3
4134,Postmates,5
4705,Instacart,4
3592,USPS,4
3119,UPS,6
3255,USPS,3
1399,USPS,12
2992,Postmates,14
4236,UPS,2
4997,DHL,7
3722,FedEx,4
3985,DoorDash,9
3105,FedEx,8
1946,FedEx,2
4810,UPS,10
2986,ShipBob,2
3724,DHL,7
4788,Postmates,5
4609,DoorDash,2
2791,DHL,8
2889,USPS,5
3204,DHL,10
4678,USPS,2
2545,Postmates,5
1062,ShipBob,10
325,Instacart,9
3311,USPS,3
834,USPS,12
3663,FedEx,11
1096,DHL,11
3566,Instacart,8
4084,FedEx,6
2681,DHL,12
4561,DHL,11
2643,USPS,13
3125,DHL,5
2149,UPS,7
4723,DHL,11
4016,ShipBob,7
3315,DoorDash,7
3409,FedEx,5
2708,DoorDash,14
4887,UPS,11
3609,DoorDash,13
1955,ShipBob,8
1073,DHL,1
3565,Postmates,13
4034,ShipBob,5
3209,Postmates,12
1687,Instacart,14
311,USPS,14
1686,ShipBob,2
1657,Postmates,7
1384,UPS,12
2622,DoorDash,9
3824,DHL,10
4131,DHL,8
4913,Instacart,5
2066,FedEx,11
3317,FedEx,10
333,USPS,13
2888,DHL,14
4673,DoorDash,13
2548,ShipBob,9
4469,Postmates,8
2558,DoorDash,11
4872,ShipBob,11
3066,ShipBob,2
3007,USPS,2
2072,DoorDash,13
4896,UPS,7
3272,Postmates,6
2286,Postmates,7
1853,UPS,7
4146,Instacart,10
3163,FedEx,3
2452,FedEx,2
1905,Instacart,3
959,UPS,9
2917,DoorDash,4
1453,Instacart,8
4275,USPS,9
1197,DoorDash,7
4289,DoorDash,14
2739,ShipBob,5
4231,DHL,7
760,FedEx,8
3422,ShipBob,13
3532,DHL,9
4399,DoorDash,12
4345,Instacart,1
4793,UPS,8
1621,Postmates,9
789,USPS,10
1545,DHL,9
3979,USPS,4
859,DHL,11
2593,DoorDash,2
543,DoorDash,4
2127,ShipBob,1
4017,DHL,9
2951,UPS,11
24,FedEx,11
1638,FedEx,3
563,ShipBob,3
511,UPS,3
283,DoorDash,3
2291,FedEx,1
3873,USPS,2
4593,USPS,6
3117,FedEx,9
3927,Postmates,7
3971,DHL,1
3237,DoorDash,4
3745,DoorDash,3
2057,FedEx,10
3448,USPS,14
1042,Postmates,1
2416,Instacart,10
4821,Instacart,3
4075,USPS,6
4151,ShipBob,11
3522,Instacart,7
665,ShipBob,8
2573,DoorDash,5
2650,DHL,8
2204,FedEx,2
2187,ShipBob,1
3435,FedEx,12
1932,DHL,5
1628,Instacart,8
1160,DHL,8
4383,USPS,9
1140,USPS,1
2412,DoorDash,2
2846,DHL,6
1565,FedEx,11
2883,ShipBob,9
2469,DHL,11
3320,FedEx,14
2518,Postmates,6
4560,ShipBob,2
1731,DoorDash,1
990,USPS,2
928,FedEx,5
814,Instacart,14
832,Postmates,9
3575,UPS,3
3352,FedEx,14
4837,Instacart,12
2710,UPS,9
4703,DoorDash,1
4657,DoorDash,12
4266,DHL,4
2257,Postmates,2
3749,FedEx,6
2063,DHL,14
8,DoorDash,14
4484,UPS,9
1089,ShipBob,5
4100,Instacart,10
1484,Instacart,3
36,DoorDash,2
1378,DoorDash,13
3953,Instacart,9
2805,ShipBob,9
3840,FedEx,11
4237,DHL,13
4847,ShipBob,11
2682,UPS,12
2802,DoorDash,4
1623,FedEx,10
2925,UPS,5
2395,Instacart,4
97,DoorDash,3
1608,USPS,7
1296,Postmates,5
3428,UPS,13
2474,UPS,11
699,ShipBob,10
2462,ShipBob,5
2938,USPS,12
2719,UPS,3
2265,FedEx,8
2104,FedEx,2
4902,DHL,11
3655,Instacart,1
297,Postmates,12
534,DHL,1
2999,USPS,11
4763,Postmates,8
2611,ShipBob,9
144,UPS,10
476,USPS,13
949,DoorDash,2
1098,UPS,8
3882,DoorDash,1
45,DoorDash,1
1325,USPS,2
4461,ShipBob,11
268,ShipBob,9
1010,USPS,5
2993,Instacart,9
3624,DoorDash,2
2778,USPS,14
3897,USPS,7
2709,UPS,12
3827,Postmates,3
2220,FedEx,5
3806,Postmates,13
1018,DoorDash,14
3136,USPS,14
1479,Postmates,2
3413,DoorDash,2
2666,Postmates,11
4071,Postmates,5
1495,ShipBob,12
2376,USPS,5
388,DoorDash,6
3408,USPS,1
4827,DHL,12
4925,Instacart,14
3000,DHL,3
4086,ShipBob,6
3643,Postmates,14
2636,UPS,3
4227,USPS,10
2131,DHL,10
798,Postmates,9
4094,DHL,7
3595,Postmates,6
671,Instacart,5
647,USPS,10
4347,DoorDash,11
2136,ShipBob,3
862,ShipBob,6
2798,ShipBob,12
1699,USPS,12
613,DHL,13
3694,ShipBob,2
515,DoorDash,9
3301,DoorDash,3
4658,Instacart,2
3242,UPS,11
2697,ShipBob,14
2362,DHL,8
1953,UPS,8
1864,Instacart,6
2600,DHL,8
666,Instacart,8
1148,UPS,7
551,Instacart,2
2892,Instacart,9
2003,DoorDash,9
2748,UPS,8
2313,USPS,11
332,USPS,14
87,USPS,1
953,Postmates,13
898,USPS,6
982,USPS,10
3392,DoorDash,8
4293,UPS,12
2486,UPS,3
3453,USPS,6
1848,DHL,9
3003,DHL,6
3121,DoorDash,8
4799,ShipBob,2
3838,Instacart,9
4375,FedEx,7
2607,FedEx,6
255,USPS,11
107,USPS,2
2610,ShipBob,10
3598,Postmates,3
2181,Postmates,6
2770,DHL,1
1058,DHL,1
1350,Postmates,1
1937,DoorDash,2
2557,ShipBob,5
4286,Postmates,6
4464,DHL,14
2045,Instacart,8
1516,Instacart,5
3120,DHL,3
1086,FedEx,12
3894,Postmates,14
1049,DoorDash,2
160,Instacart,6
2247,ShipBob,13
2669,Instacart,8
2371,DoorDash,7
4234,UPS,6
977,Instacart,14
2515,USPS,13
3073,USPS,1
1877,DHL,13
4933,ShipBob,5
1154,DoorDash,2
1611,FedEx,13
3172,USPS,4
2758,DHL,14
4770,USPS,12
2020,Instacart,11
985,DHL,13
4160,DHL,5
1759,USPS,8
3902,Postmates,1
1636,Postmates,10
3112,FedEx,14
2432,DoorDash,14
344,DHL,2
2397,ShipBob,7
170,Postmates,7
3164,USPS,7
3988,Postmates,13
2472,Instacart,5
2360,UPS,8
4468,FedEx,3
3261,FedEx,13
4950,UPS,3
4211,UPS,7
140,DoorDash,2
3504,Postmates,1
289,ShipBob,14
1540,FedEx,10
4901,Postmates,4
572,FedEx,5
3012,DoorDash,7
463,DHL,4
292,USPS,8
4761,Instacart,13
4494,Instacart,5
4740,Postmates,14
4691,DoorDash,2
1520,USPS,5
4235,USPS,12
2450,ShipBob,11
1164,DHL,6
4265,FedEx,13
4692,FedEx,12
1477,DoorDash,11
379,ShipBob,1
2489,Postmates,3
4481,FedEx,4
2447,DHL,3
2094,ShipBob,13
4404,USPS,14
908,FedEx,12
929,DHL,7
2822,Instacart,2
669,Postmates,4
2194,UPS,8
3594,ShipBob,9
2583,DHL,11
4462,ShipBob,11
659,DoorDash,10
1913,DHL,4
2982,Instacart,2
326,USPS,13
4597,DoorDash,14
3614,DHL,13
1847,USPS,9
1462,USPS,4
4576,DoorDash,5
258,USPS,2
3523,ShipBob,6
906,Instacart,9
1626,Instacart,6
1219,DoorDash,3
1979,FedEx,10
480,Instacart,9
3760,DoorDash,11
606,Postmates,8
3434,UPS,1
3284,USPS,4
2271,Postmates,11
2185,Postmates,2
4803,UPS,5
1809,USPS,2
2877,FedEx,4
1213,ShipBob,12
1896,ShipBob,14
4418,Instacart,7
1828,ShipBob,13
1005,FedEx,12
5,Postmates,4
1576,Postmates,3
1182,USPS,6
4037,DHL,9
4253,Instacart,5
433,DHL,14
690,Postmates,14
3723,FedEx,10
4007,FedEx,12
2648,FedEx,6
4643,DoorDash,1
2277,DoorDash,11
1485,USPS,9
1323,DHL,14
2779,Instacart,3
2361,USPS,12
4214,DoorDash,10
123,ShipBob,2
3061,DoorDash,5
3142,DHL,13
1710,DHL,4
2051,ShipBob,12
2978,FedEx,10
1196,Instacart,5
2912,Instacart,5
3479,DoorDash,10
633,Postmates,8
1624,ShipBob,8
1060,DHL,7
1167,Postmates,5
4998,FedEx,14
4055,ShipBob,3
3963,USPS,9
1792,DoorDash,8
2159,DoorDash,13
4449,UPS,3
4506,Postmates,4
2032,DHL,6
1107,Instacart,6
482,DHL,11
512,UPS,8
1772,UPS,12
4820,DHL,9
3134,FedEx,4
2355,UPS,14
738,ShipBob,6
874,FedEx,4
3238,USPS,4
4116,USPS,5
4635,DHL,12
3161,FedEx,3
1696,UPS,7
2244,USPS,11
1159,DHL,14
229,Instacart,10
616,UPS,10
2503,Instacart,3
4591,FedEx,3
127,Instacart,2
2841,DHL,12
2023,DoorDash,5
4669,DoorDash,14
683,Instacart,12
2947,DoorDash,14
4000,Postmates,6
374,DoorDash,10
271,DoorDash,1
2285,DHL,9
3778,ShipBob,2
2141,USPS,14
742,ShipBob,3
4690,FedEx,13
2582,USPS,10
2780,DoorDash,14
2494,DoorDash,4
1923,UPS,14
3247,FedEx,3
210,ShipBob,12
1721,Instacart,1
3178,FedEx,14
3672,DHL,13
4229,USPS,8
4483,DoorDash,7
3791,DoorDash,12
498,FedEx,14
2326,USPS,4
3129,UPS,3
3141,DoorDash,8
474,DoorDash,6
3703,DoorDash,14
3865,DHL,10
1174,Postmates,6
2642,USPS,3
4881,Instacart,10
69,DoorDash,7
2635,UPS,4
2584,UPS,9
4416,Postmates,1
1933,DoorDash,6
3490,USPS,11
2251,ShipBob,5
104,DoorDash,6
2827,DoorDash,7
378,FedEx,14
3543,DHL,13
1048,Instacart,4
3686,ShipBob,3
162,DoorDash,11
2619,DoorDash,5
2199,DHL,2
3548,DoorDash,10
4711,ShipBob,14
242,DoorDash,2
1238,DoorDash,14
736,DHL,14
2574,FedEx,4
3697,DoorDash,4
1315,Instacart,10
3962,DoorDash,2
2680,Postmates,6
574,UPS,1
1748,Instacart,2
381,DHL,13
4097,USPS,10
4784,Instacart,13
2683,Postmates,14
2022,USPS,7
2801,Postmates,8
2542,UPS,3
1829,USPS,9
2101,ShipBob,1
1241,ShipBob,12
645,DoorDash,8
3980,DoorDash,1
314,DHL,4
3731,USPS,8
1600,ShipBob,14
4379,DHL,13
1190,Postmates,5
1161,DHL,2
682,UPS,12
955,DHL,10
2021,USPS,13
879,Instacart,8
156,ShipBob,1
1408,DHL,10
1954,UPS,11
1602,UPS,6
3786,DHL,10
1668,UPS,9
169,Instacart,4
4255,Postmates,10
1464,Postmates,3
3215,DoorDash,3
4722,USPS,6
1679,DoorDash,1
259,DoorDash,7
550,UPS,2
3841,UPS,11
2463,DoorDash,8
3913,Postmates,8
2348,DoorDash,12
804,Instacart,2
221,FedEx,14
393,DHL,1
3996,Instacart,13
1929,USPS,6
673,Instacart,10
3739,USPS,10
2047,ShipBob,7
3521,ShipBob,3
4047,DHL,8
1467,ShipBob,13
2606,DoorDash,1
3995,UPS,5
2745,UPS,4
1607,Instacart,2
3234,USPS,1
49,ShipBob,5
4823,DHL,8
2343,UPS,11
2684,DHL,9
1584,USPS,8
3764,UPS,6
3539,Postmates,3
3576,DHL,9
3810,ShipBob,10
1482,USPS,4
4126,Postmates,3
4026,Instacart,10
2245,ShipBob,14
4105,DHL,11
3072,DHL,12
4497,Postmates,14
578,Postmates,1
2317,UPS,6
4541,USPS,2
1284,UPS,7
1902,ShipBob,4
244,USPS,1
151,FedEx,1
2359,DHL,6
4346,USPS,7
2859,USPS,13
1423,DHL,9
3017,DHL,14
1711,USPS,3
4517,Postmates,3
1530,DHL,13
4981,FedEx,8
3334,FedEx,14
4762,UPS,2
2114,UPS,7
2653,FedEx,6
2144,DoorDash,8
2894,Instacart,10
346,DHL,9
3819,Postmates,4
4586,DoorDash,9
2949,Postmates,2
1497,UPS,9
1610,DHL,12
1382,UPS,3
2923,DoorDash,6
1768,DoorDash,11
1823,USPS,11
4885,UPS,10
4641,FedEx,4
3973,UPS,4
4906,UPS,3
1070,FedEx,4
2184,ShipBob,1
2617,Postmates,9
651,FedEx,14
1854,DoorDash,9
1085,DoorDash,14
114,UPS,3
662,USPS,14
2384,FedEx,13
2410,FedEx,12
841,Instacart,10
61,USPS,6
1970,UPS,3
3887,FedEx,2
1318,Instacart,12
2560,ShipBob,10
4445,Postmates,9
2043,FedEx,8
4342,USPS,1
1737,Postmates,13
190,Instacart,5
3588,USPS,6
2138,ShipBob,2
2608,Instacart,5
2605,Postmates,6
2832,DoorDash,1
1587,Instacart,5
1046,Instacart,6
2321,UPS,6
2902,ShipBob,8
1366,DHL,2
3632,DHL,9
2845,USPS,2
962,ShipBob,8
3842,FedEx,10
1029,USPS,3
1513,DHL,1
1598,USPS,10
876,Postmates,14
3016,FedEx,7
1723,USPS,1
3277,DHL,13
2818,DoorDash,3
2901,DHL,7
2300,FedEx,4
293,UPS,9
2919,Instacart,10
4745,UPS,10
3339,Postmates,8
121,FedEx,9
853,USPS,2
4301,FedEx,3
3932,DoorDash,13
2842,DHL,3
3309,DHL,7
4617,DoorDash,9
3934,Postmates,10
2516,USPS,6
3603,DHL,1
4444,Instacart,4
3264,DHL,12
1375,FedEx,4
3170,FedEx,4
3308,Postmates,11
676,DHL,7
4892,FedEx,2
2676,UPS,10
881,DHL,9
4724,DHL,11
4729,Postmates,2
2504,UPS,14
4155,ShipBob,12
1343,UPS,10
1775,UPS,10
1076,Postmates,12
1890,ShipBob,13
758,Instacart,6
1855,DoorDash,2
2856,ShipBob,13
504,DHL,13
1149,FedEx,7
2628,ShipBob,10
1649,UPS,11
3135,ShipBob,13
4936,DHL,14
136,UPS,3
1550,DoorDash,9
2143,DoorDash,1
850,ShipBob,5
1897,USPS,3
3099,Instacart,10
4455,DHL,12
4362,FedEx,9
1548,DHL,12
1081,UPS,11
3578,Instacart,8
3883,Instacart,4
4580,Instacart,1
618,Postmates,13
2804,USPS,13
3048,DHL,14
231,FedEx,3
2934,Postmates,9
3688,USPS,12
4527,UPS,14
2874,USPS,5
3297,UPS,7
555,Postmates,2
4535,UPS,14
4264,USPS,3
4251,ShipBob,8
3111,Postmates,1
4290,Postmates,12
1572,UPS,3
3596,UPS,2
2200,FedEx,2
1815,DHL,1
4738,USPS,13
2077,UPS,2
4558,DoorDash,3
2201,Instacart,13
2340,Instacart,10
4928,ShipBob,11
4953,USPS,4
437,FedEx,10
1528,Instacart,8
2342,Postmates,4
3961,UPS,9
4262,Postmates,13
5000,UPS,10
2166,DHL,13
4871,FedEx,10
4340,DHL,9
2274,DoorDash,14
4577,USPS,6
2553,DHL,8
274,UPS,4
4443,FedEx,11
2870,Instacart,13
232,ShipBob,1
4689,FedEx,14
2927,ShipBob,12
1303,DHL,13
4840,USPS,9
2090,DHL,8
4351,USPS,8
3820,DHL,10
3495,Instacart,12
1582,UPS,14
1680,ShipBob,1
2406,Instacart,10
2415,ShipBob,7
4430,Instacart,13
111,UPS,11
4605,FedEx,13
979,UPS,11
3405,DHL,6
2298,DHL,12
2071,UPS,9
4856,ShipBob,8
2165,USPS,7
1826,ShipBob,3
1428,UPS,12
3923,DoorDash,4
1480,USPS,1
1282,DoorDash,5
4686,FedEx,12
1013,UPS,13
3056,Postmates,5
799,Postmates,12
3050,Postmates,2
219,UPS,13
717,UPS,10
2704,Instacart,9
2879,FedEx,12
180,FedEx,4
3379,DHL,12
3553,ShipBob,7
4882,ShipBob,7
1420,DHL,5
1020,Postmates,12
586,USPS,14
2126,USPS,2
3313,UPS,4
4001,DoorDash,5
2800,ShipBob,10
661,DHL,11
2685,USPS,13
2383,DoorDash,6
2675,ShipBob,5
4164,Postmates,2
1819,ShipBob,10
3645,Instacart,5
3717,UPS,12
4910,DoorDash,9
548,ShipBob,12
4826,UPS,5
993,Postmates,10
2307,DHL,10
2214,FedEx,1
1474,Postmates,4
4156,DHL,8
958,DHL,8
4152,ShipBob,9
1120,FedEx,8
1556,Postmates,8
3316,UPS,8
2729,ShipBob,6
4397,UPS,10
3718,ShipBob,13
1000,Instacart,2
3590,Instacart,6
2806,USPS,7
1141,DoorDash,8
453,FedEx,14
3551,Instacart,13
3281,Postmates,7
2691,UPS,10
2179,Postmates,5
4961,UPS,11
603,USPS,5
4093,DoorDash,13
3288,Instacart,9
3741,ShipBob,14
2998,ShipBob,11
2692,Postmates,3
4394,UPS,5
4578,Instacart,1
3610,Instacart,12
3924,DHL,12
3229,ShipBob,6
2678,UPS,8
299,Postmates,8
764,FedEx,4
3257,Postmates,13
896,Instacart,6
31,Postmates,12
246,DHL,3
32,DoorDash,11
594,Instacart,3
1817,Instacart,12
207,DoorDash,13
1698,FedEx,10
3572,UPS,13
1475,USPS,11
1396,DoorDash,4
3620,Instacart,1
1112,DoorDash,8
2994,Instacart,6
1977,DoorDash,13
4059,UPS,3
554,DoorDash,6
322,USPS,9
4822,Instacart,13
2437,Postmates,6
1741,UPS,6
4391,ShipBob,14
1754,Instacart,7
4995,FedEx,10
2205,ShipBob,7
3948,USPS,3
1577,DoorDash,8
1347,DHL,12
2746,ShipBob,1
224,UPS,11
3113,USPS,1
4919,Postmates,13
1093,Postmates,14
1501,USPS,2
1003,DHL,7
614,USPS,9
4491,UPS,10
2616,FedEx,2
3664,Instacart,10
223,USPS,2
2777,UPS,11
1274,DoorDash,2
1575,ShipBob,9
598,ShipBob,9
3095,FedEx,13
2632,FedEx,12
4943,USPS,10
319,ShipBob,8
1810,Postmates,13
1761,UPS,9
1508,Postmates,14
4020,ShipBob,2
3200,Instacart,7
4976,FedEx,4
2621,USPS,2
1703,Postmates,14
2749,DoorDash,8
4631,ShipBob,2
1327,Instacart,7
542,Instacart,5
1328,DoorDash,3
4032,Postmates,1
4986,DoorDash,9
4222,FedEx,2
3420,DHL,10
3445,DoorDash,7
3109,USPS,8
1288,Postmates,14
726,DoorDash,3
1594,DoorDash,4
3869,FedEx,12
101,UPS,3
2825,USPS,12
4688,DHL,10
2754,FedEx,3
3092,Instacart,14
1633,ShipBob,2
1260,Instacart,6
1738,DoorDash,4
3037,FedEx,12
1542,DoorDash,3
2886,DoorDash,5
3648,ShipBob,3
499,FedEx,5
284,DoorDash,5
1137,UPS,5
459,USPS,5
495,USPS,13
3875,FedEx,9
3893,Instacart,7
4665,DoorDash,4
755,FedEx,10
3674,ShipBob,3
2053,Postmates,14
166,USPS,11
1185,DoorDash,7
1391,USPS,3
1225,FedEx,8
1358,DoorDash,14
3160,USPS,13
4904,UPS,1
2446,Instacart,2
3911,Instacart,4
4033,Instacart,14
3520,DHL,11
4948,USPS,3
3860,UPS,12
3855,UPS,4
4808,UPS,4
3938,FedEx,9
1044,ShipBob,4
2341,Postmates,2
944,FedEx,6
3426,Instacart,9
4921,Postmates,11
4035,DoorDash,14
2085,DoorDash,3
1935,DHL,11
4106,Postmates,13
670,ShipBob,5
2591,UPS,4
163,Instacart,8
4435,UPS,14
260,Instacart,8
1947,ShipBob,5
4772,Instacart,1
4350,Instacart,6
382,ShipBob,3
3482,DoorDash,6
4975,DoorDash,14
321,DoorDash,8
1503,DoorDash,3
3100,USPS,5
2163,Postmates,12
1549,DoorDash,5
3024,USPS,3
3681,FedEx,4
685,Postmates,5
1566,ShipBob,9
2834,DoorDash,6
541,Instacart,5
852,FedEx,7
4963,Postmates,6
4187,DHL,2
2082,DHL,7
4956,Instacart,14
2316,ShipBob,9
1121,ShipBob,9
1543,ShipBob,7
4574,DoorDash,10
406,USPS,4
1090,Instacart,8
3414,DoorDash,4
3029,ShipBob,3
522,ShipBob,13
2491,UPS,10
3067,Postmates,6
2747,DHL,2
3076,UPS,8
2183,USPS,13
609,ShipBob,7
1283,Postmates,14
4971,USPS,2
2908,Postmates,3
2848,Postmates,9
4781,FedEx,10
1357,USPS,3
4955,Postmates,7
2551,Instacart,1
4924,DHL,7
2471,Postmates,11
2099,DoorDash,12
998,Instacart,7
1664,DoorDash,7
4708,DHL,10
168,Instacart,3
3456,DHL,7
4369,FedEx,8
1873,DoorDash,2
4598,FedEx,2
115,USPS,14
75,DoorDash,13
309,Postmates,7
2492,FedEx,7
3126,ShipBob,5
4356,UPS,5
808,Instacart,2
1235,DoorDash,6
1938,UPS,7
1622,Instacart,9
833,UPS,1
3545,UPS,8
2950,ShipBob,7
941,USPS,6
1418,DHL,14
748,USPS,13
3728,FedEx,13
3232,ShipBob,5
4515,USPS,5
866,UPS,9
1130,DHL,14
3801,Instacart,2
2674,UPS,4
1129,UPS,4
1021,Instacart,1
3279,USPS,7
2079,Instacart,6
4859,UPS,6
4642,Postmates,13
4502,Postmates,13
4894,DoorDash,8
2756,USPS,4
679,Postmates,7
2455,DoorDash,1
3,DoorDash,9
2473,DHL,11
3369,USPS,11
2314,Postmates,8
1987,UPS,13
607,DoorDash,10
3337,DoorDash,1
3410,UPS,9
4233,USPS,5
3046,DHL,14
3394,DHL,7
2296,Postmates,12
173,UPS,3
4150,ShipBob,9
4567,USPS,8
66,UPS,5
3213,Instacart,14
3755,FedEx,7
3569,UPS,7
995,DHL,7
3713,DHL,4
1017,UPS,5
4589,ShipBob,10
3001,DoorDash,2
4137,ShipBob,3
3108,FedEx,13
2318,DoorDash,10
4898,UPS,12
2279,USPS,9
2180,DHL,5
4996,DoorDash,12
4341,UPS,12
2701,USPS,10
839,FedEx,8
1095,FedEx,4
1047,USPS,5
1539,Postmates,14
2783,UPS,13
2012,DoorDash,12
749,DHL,13
4908,FedEx,11
3054,ShipBob,9
2008,FedEx,5
3335,UPS,9
4324,ShipBob,11
883,Instacart,2
591,FedEx,6
1783,Postmates,5
3792,FedEx,5
2246,Instacart,6
3430,USPS,7
842,USPS,6
4890,Postmates,2
4412,UPS,4
658,UPS,9
4817,FedEx,4
3613,USPS,13
4720,DHL,3
4782,USPS,8
2969,DoorDash,14
800,USPS,1
1412,FedEx,9
2623,FedEx,4
1506,UPS,8
424,UPS,11
2485,DHL,4
2401,USPS,12
4012,USPS,12
975,Instacart,5
186,Postmates,7
449,ShipBob,1
3158,DoorDash,8
2853,FedEx,14
1170,Instacart,13
3931,ShipBob,10
1652,DHL,4
4710,UPS,14
3999,FedEx,10
2250,Instacart,1
2067,DoorDash,13
1985,FedEx,14
1016,DHL,13
154,USPS,10
214,Instacart,7
2387,USPS,14
4697,Postmates,11
1671,FedEx,11
3558,USPS,13
605,Postmates,13
1286,DoorDash,1
3110,UPS,11
1899,UPS,8
1275,ShipBob,5
864,DHL,10
2854,DHL,13
3992,ShipBob,8
1132,UPS,13
2398,USPS,1
2055,DHL,5
2091,Instacart,6
129,USPS,4
4257,Postmates,13
1895,FedEx,12
4197,USPS,9
2427,DoorDash,14
1603,ShipBob,3
264,UPS,4
235,DHL,10
4726,Instacart,2
2847,UPS,7
339,DHL,12
187,ShipBob,14
1199,ShipBob,8
3206,FedEx,3
538,DHL,2
2216,ShipBob,4
4389,UPS,9
1764,UPS,14
2784,Postmates,2
1674,Postmates,13
2837,DoorDash,3
1715,Postmates,3
3629,ShipBob,6
1750,FedEx,10
1123,Postmates,12
39,DHL,14
4585,Postmates,3
877,DoorDash,7
3307,Postmates,8
1261,ShipBob,5
3231,DoorDash,7
2530,USPS,2
4853,DoorDash,8
1157,USPS,13
3693,FedEx,2
3010,USPS,8
2529,DoorDash,10
2268,ShipBob,9
2851,FedEx,7
1031,DoorDash,10
3167,FedEx,4
3155,Instacart,8
1599,DHL,2
3652,DHL,3
465,UPS,12
4038,DoorDash,9
191,Instacart,3
301,DHL,11
3949,FedEx,6
4063,UPS,4
745,UPS,8
4509,DoorDash,1
1758,Postmates,6
4613,Instacart,13
2571,DoorDash,11
3822,ShipBob,10
3214,Instacart,9
3349,Instacart,8
4951,Postmates,7
1217,DoorDash,9
4934,DHL,10
425,DHL,5
2595,DHL,14
4040,FedEx,2
4426,Postmates,6
2140,USPS,2
1553,USPS,4
1660,UPS,13
295,Postmates,14
2505,Instacart,4
262,UPS,9
1678,Instacart,11
3879,USPS,4
2267,USPS,8
2276,UPS,10
1914,ShipBob,6
4021,DHL,14
592,USPS,6
4124,DHL,10
3389,DoorDash,10
2249,ShipBob,13
4683,USPS,1
3500,Instacart,11
2196,FedEx,11
209,Instacart,7
826,DHL,8
1595,FedEx,8
3696,DoorDash,13
3223,UPS,8
3245,USPS,11
496,USPS,8
4529,ShipBob,4
3241,USPS,2
4228,FedEx,13
500,USPS,4
678,UPS,4
2050,Instacart,6
4420,Postmates,1
1248,USPS,7
937,DHL,10
801,DoorDash,7
1722,USPS,4
3093,DoorDash,10
3935,USPS,14
4867,FedEx,2
3891,DoorDash,3
1637,USPS,2
90,USPS,1
4120,UPS,3
13,UPS,11
3657,UPS,3
2288,UPS,14
3267,USPS,4
2811,UPS,7
3831,DoorDash,11
2512,DHL,1
3503,Instacart,8
4757,DoorDash,5
1026,DoorDash,6
1805,DoorDash,7
593,Postmates,4
3441,UPS,7
4985,DoorDash,9
1258,Postmates,14
2913,DoorDash,5
4660,Postmates,4
3138,UPS,12
2353,UPS,1
1030,ShipBob,7
2585,UPS,13
2861,ShipBob,6
4806,FedEx,2
2422,DHL,14
4744,DoorDash,7
698,DoorDash,13
1111,Instacart,1
728,FedEx,11
1876,Instacart,3
1304,ShipBob,9
400,DHL,11
3955,FedEx,9
1181,Postmates,6
2857,DoorDash,13
120,Postmates,5
2046,DoorDash,5
2108,Postmates,4
2531,FedEx,10
1797,ShipBob,5
1481,ShipBob,5
2190,FedEx,5
2537,Postmates,11
695,FedEx,10
3825,UPS,5
1395,DoorDash,4
838,DoorDash,11
2633,Postmates,4
3443,FedEx,10
369,UPS,8
3185,Postmates,9
4895,USPS,13
4049,DHL,12
2820,DoorDash,4
1183,UPS,9
4082,USPS,11
3177,Instacart,12
4437,ShipBob,13
1361,FedEx,5
95,USPS,2
3412,FedEx,11
4694,ShipBob,13
976,Postmates,11
1456,USPS,8
4488,Instacart,11
752,ShipBob,5
1204,FedEx,7
1928,UPS,13
1749,UPS,2
343,Postmates,9
471,Instacart,4
771,UPS,8
3314,ShipBob,6
1441,ShipBob,1
2189,ShipBob,12
2064,UPS,10
397,DHL,3
2706,USPS,1
4320,Postmates,5
213,Instacart,13
904,UPS,7
1807,DoorDash,8
1821,Instacart,6
2814,USPS,4
4876,DHL,12
2716,Postmates,3
2465,ShipBob,11
3130,Postmates,2
1771,Instacart,14
945,Postmates,5
825,DoorDash,8
1544,ShipBob,4
4679,UPS,9
1252,UPS,10
2855,FedEx,1
3880,Postmates,9
2964,DoorDash,2
3803,DHL,3
2581,USPS,13
3967,USPS,5
3782,USPS,11
1348,Postmates,6
528,DHL,11
1249,UPS,1
2363,Postmates,4
2773,USPS,4
2519,DHL,6
2038,USPS,1
4070,DHL,14
510,Postmates,10
1069,FedEx,10
2036,UPS,7
889,ShipBob,5
3321,ShipBob,3
146,UPS,7
1036,ShipBob,7
3516,Postmates,8
4687,Postmates,3
3761,DHL,12
601,FedEx,11
245,Postmates,14
1767,DoorDash,1
3006,Instacart,2
2587,Instacart,4
4113,Postmates,7
4682,FedEx,7
1128,Instacart,9
2490,USPS,4
3478,ShipBob,1
939,Postmates,9
3186,Postmates,12
2428,FedEx,6
809,USPS,4
2142,Postmates,1
1417,DHL,7
2132,Postmates,3
4544,DHL,9
477,USPS,1
2260,USPS,3
236,Postmates,5
3151,FedEx,3
359,Instacart,12
1301,FedEx,11
3977,DoorDash,12
17,USPS,5
317,ShipBob,10
4425,ShipBob,4
1067,USPS,3
1880,FedEx,5
1757,DHL,1
1195,ShipBob,14
2070,Instacart,14
3627,DHL,14
3829,UPS,10
3707,USPS,8
3798,Instacart,13
680,DoorDash,3
4557,Instacart,9
693,USPS,3
1415,Postmates,4
4789,FedEx,7
4716,DoorDash,3
1519,Postmates,9
2297,FedEx,9
351,FedEx,10
2147,USPS,7
153,USPS,12
2924,Postmates,9
966,DHL,4
3832,USPS,1
3008,Instacart,2
1478,Postmates,14
1291,Instacart,6
1522,UPS,5
817,DHL,9
198,FedEx,5
4534,USPS,14
201,DHL,7
3640,DoorDash,3
4864,FedEx,3
1287,FedEx,13
4938,Postmates,7
4478,UPS,5
1270,FedEx,1
2722,USPS,3
376,FedEx,9
3403,UPS,1
479,ShipBob,13
1146,FedEx,8
3304,Instacart,5
4684,UPS,4
4203,DHL,2
1041,USPS,2
29,DHL,4
4990,Instacart,9
249,ShipBob,5
2240,UPS,10
4496,DoorDash,7
1675,Postmates,7
20,UPS,3
4291,Postmates,8
595,Postmates,9
2112,DoorDash,8
2744,Instacart,1
702,DHL,6
724,FedEx,3
4748,Instacart,12
4940,DHL,1
2334,DoorDash,6
1105,DoorDash,5
251,DHL,13
3333,ShipBob,7
3525,USPS,9
172,USPS,7
1712,USPS,4
1298,DoorDash,11
3771,UPS,1
1285,UPS,4
3360,ShipBob,11
561,ShipBob,11
1333,Postmates,7
1432,Postmates,2
475,DoorDash,2
4225,ShipBob,13
2507,UPS,11
2831,Instacart,8
3385,ShipBob,3
3224,ShipBob,3
4200,DoorDash,14
1648,Instacart,4
1314,FedEx,6
1335,Postmates,4
2366,UPS,1
2061,Instacart,8
269,DoorDash,10
2193,Instacart,1
1198,DoorDash,14
3416,DHL,6
1034,USPS,4
2480,Instacart,13
3915,Instacart,10
383,UPS,3
3680,DoorDash,8
4532,FedEx,1
4737,Postmates,9
3090,Instacart,9
1627,DHL,7
734,Instacart,2
1468,Instacart,13
2209,USPS,2
2763,DoorDash,11
1919,USPS,6
3148,Postmates,7
3358,ShipBob,2
1259,Instacart,4
1620,Postmates,5
1640,ShipBob,8
2487,Postmates,10
4974,DoorDash,8
196,FedEx,4
4045,DHL,1
1365,USPS,2
1744,Postmates,10
2349,UPS,9
4521,Postmates,14
713,Postmates,1
4579,DHL,1
3568,FedEx,1
997,ShipBob,1
2019,DoorDash,12
3611,Postmates,11
1656,FedEx,9
3338,DoorDash,4
3278,Instacart,13
774,ShipBob,14
4339,Instacart,8
4655,FedEx,10
398,UPS,14
1279,DHL,1
2501,FedEx,10
1840,UPS,5
4846,Postmates,4
1050,DHL,6
1990,ShipBob,9
4066,DoorDash,9
134,ShipBob,3
4090,USPS,4
4542,FedEx,2
905,Postmates,14
4230,DHL,12
4298,DHL,11
3019,UPS,3
735,FedEx,1
4140,DoorDash,10
1091,DHL,3
1079,DoorDash,8
4891,Postmates,2
4507,Postmates,13
1702,Postmates,10
2281,DoorDash,6
2955,ShipBob,1
3406,Postmates,2
1426,ShipBob,9
2039,DHL,12
4627,ShipBob,12
667,FedEx,1
2175,DHL,5
57,FedEx,13
652,DoorDash,6
973,USPS,1
531,USPS,7
3573,FedEx,8
370,FedEx,12
3922,DoorDash,11
2737,ShipBob,3
3082,DHL,14
413,ShipBob,1
4552,DHL,1
3919,USPS,14
2808,ShipBob,12
2133,UPS,7
1942,DHL,12
1859,Postmates,3
3343,Postmates,1
4154,Instacart,8
3775,Instacart,5
1055,DHL,5
927,DoorDash,3
4288,UPS,8
192,ShipBob,5
1574,Postmates,1
1158,DoorDash,10
4796,FedEx,6
43,FedEx,3
991,ShipBob,9
672,USPS,3
723,DoorDash,1
380,Instacart,13
2203,Instacart,5
3561,FedEx,11
2718,Postmates,4
2054,ShipBob,2
3015,ShipBob,9
3331,Instacart,1
2940,ShipBob,1
88,Postmates,8
3668,UPS,8
3895,ShipBob,12
4117,DoorDash,5
751,DHL,8
1714,DoorDash,14
2868,Instacart,7
1150,UPS,10
150,USPS,1
2006,DoorDash,14
708,DHL,2
1337,DHL,13
1108,Instacart,11
1381,UPS,6
318,UPS,1
4204,ShipBob,9
408,DHL,13
257,DoorDash,9
1006,UPS,4
3790,DoorDash,7
4982,Postmates,7
50,DoorDash,5
1691,ShipBob,14
2631,USPS,2
2322,ShipBob,7
4367,USPS,5
2232,Instacart,5
802,Instacart,11
3642,FedEx,2
2766,Postmates,9
1254,DoorDash,10
363,UPS,7
710,DHL,8
4920,ShipBob,12
3374,ShipBob,6
338,USPS,11
2121,UPS,10
3560,DoorDash,13
4044,ShipBob,9
3637,DHL,1
1424,UPS,9
3679,Instacart,4
4581,ShipBob,1
4259,Instacart,8
4926,DoorDash,1
4473,Postmates,3
4190,DoorDash,13
3828,DoorDash,6
3885,FedEx,3
3306,DHL,1
1918,USPS,13
1352,DoorDash,6
1469,USPS,4
687,ShipBob,6
4525,USPS,2
2202,FedEx,3
2775,DoorDash,6
2714,ShipBob,14
3846,Instacart,11
1514,USPS,7
4239,Postmates,1
3246,USPS,5
3781,USPS,13
275,ShipBob,14
3619,FedEx,5
4709,ShipBob,9
2830,FedEx,2
4639,UPS,3
490,UPS,11
1867,Postmates,4
1958,USPS,7
4636,FedEx,13
1974,USPS,11
913,USPS,3
3742,Instacart,11
1113,Instacart,5
4361,FedEx,3
89,ShipBob,9
4800,USPS,1
1075,FedEx,12
640,Instacart,9
3567,Instacart,13
3816,DHL,8
3244,UPS,7
2736,DHL,6
1066,ShipBob,1
225,Instacart,4
3511,USPS,1
1232,FedEx,4
461,DoorDash,12
385,UPS,3
2839,Instacart,2
4294,USPS,13
1605,Postmates,4
1056,UPS,9
4914,UPS,6
3978,FedEx,5
3149,UPS,14
3972,FedEx,4
1788,ShipBob,10
946,UPS,13
1250,FedEx,6
4811,USPS,12
4970,USPS,2
2426,UPS,14
4728,DoorDash,10
1536,DoorDash,9
581,ShipBob,12
1557,Postmates,13
1755,ShipBob,9
2354,Instacart,10
1192,USPS,4
1092,DoorDash,8
3536,FedEx,1
2852,DHL,10
4457,USPS,9
2148,DHL,8
4327,DoorDash,10
439,Postmates,9
3383,DoorDash,4
943,ShipBob,7
3936,Postmates,11
2816,Postmates,1
4281,Instacart,10
3759,USPS,14
1512,DoorDash,11
2329,FedEx,8
3959,Instacart,3
1045,ShipBob,1
4060,Postmates,7
1405,USPS,3
3194,Instacart,7
1752,USPS,9
816,UPS,6
1606,Postmates,12
1379,Postmates,2
337,Instacart,4
2207,DHL,1
1188,Instacart,13
2208,DoorDash,5
848,ShipBob,14
1838,FedEx,11
2153,FedEx,10
2578,Instacart,6
3195,Instacart,9
3631,UPS,9
2866,Postmates,12
3472,DoorDash,9
2076,Postmates,10
967,Postmates,3
2379,UPS,10
355,Instacart,14
3815,DoorDash,11
936,UPS,3
3300,DoorDash,5
1443,Postmates,12
4927,USPS,9
1281,USPS,10
2534,ShipBob,5
3322,USPS,10
621,FedEx,4
1803,UPS,7
3554,Postmates,14
2732,DHL,14
576,FedEx,11
3862,Postmates,14
1346,Postmates,3
1057,DoorDash,4
807,DoorDash,9
1386,UPS,4
3005,FedEx,12
1229,USPS,6
3542,ShipBob,9
4078,UPS,2
4932,DHL,7
2880,FedEx,11
4486,Postmates,14
4326,ShipBob,10
4014,FedEx,1
2943,ShipBob,14
384,DHL,10
3580,UPS,5
3328,UPS,2
4718,UPS,4
1518,Postmates,7
460,Instacart,10
308,FedEx,5
1944,DHL,13
4263,DHL,1
4217,DHL,2
1037,Instacart,14
3367,FedEx,8
4048,Instacart,2
1708,DoorDash,7
2030,USPS,1
1527,Postmates,13
2828,FedEx,6
2511,UPS,8
1726,UPS,13
4209,Postmates,13
1760,DHL,14
1934,Instacart,12
2394,DoorDash,1
1729,USPS,11
1787,Postmates,5
2637,Postmates,1
457,DoorDash,6
636,DHL,4
1713,UPS,4
2876,Instacart,12
323,DHL,2
4893,DHL,7
643,UPS,9
1875,DHL,12
4869,DoorDash,2
3269,UPS,1
1027,DoorDash,12
3926,FedEx,4
108,FedEx,14
956,Instacart,5
3501,DHL,13
2448,UPS,6
3323,FedEx,8
2930,FedEx,1
94,Instacart,12
2564,FedEx,9
3541,UPS,3
38,UPS,7
3621,DoorDash,3
4858,Instacart,12
1742,ShipBob,9
4878,UPS,7
1924,UPS,5
1785,USPS,1
3892,ShipBob,12
4441,Instacart,5
623,USPS,9
4284,ShipBob,6
878,ShipBob,7
3447,DHL,10
657,USPS,12
2225,DHL,13
4780,ShipBob,6
3626,USPS,12
894,FedEx,11
60,Postmates,10
910,Instacart,4
951,FedEx,1
3034,Postmates,13
3593,ShipBob,8
573,UPS,2
987,DHL,1
227,DHL,3
409,Instacart,1
2488,FedEx,4
62,UPS,9
872,DHL,11
2795,USPS,7
2097,USPS,13
2957,FedEx,11
4877,Postmates,13
3793,USPS,8
4025,FedEx,13
720,Postmates,7
769,ShipBob,1
3042,DHL,9
3191,ShipBob,2
1356,UPS,5
3701,FedEx,9
467,ShipBob,6
2575,Postmates,4
4300,USPS,4
3044,DHL,2
4377,UPS,12
2707,UPS,5
3305,Instacart,14
2327,Postmates,8
3709,USPS,3
158,ShipBob,10
4174,Instacart,2
4387,Postmates,14
4842,UPS,6
1329,Postmates,10
4028,UPS,8
4650,ShipBob,14
703,DHL,7
300,DHL,3
3808,Instacart,6
3115,USPS,8
1659,FedEx,3
2378,USPS,6
787,ShipBob,3
1948,FedEx,8
3898,DHL,12
125,USPS,7
3143,ShipBob,6
3378,USPS,8
1338,Instacart,10
837,DHL,7
3285,FedEx,12
2948,FedEx,9
3179,FedEx,9
349,FedEx,4
2034,Postmates,11
2723,FedEx,5
9,USPS,12
1489,DoorDash,4
445,DoorDash,10
4384,Postmates,8
4207,DHL,4
2221,Instacart,8
1173,USPS,13
3748,DHL,1
1324,Instacart,7
4973,USPS,4
2218,DHL,14
1791,UPS,9
4870,Instacart,3
579,Instacart,9
2470,USPS,1
1271,UPS,2
4545,UPS,9
617,Instacart,1
564,DHL,5
2191,DHL,13
1641,Instacart,9
4610,DHL,14
1373,USPS,2
4083,USPS,14
1613,UPS,3
3925,UPS,2
2481,ShipBob,11
3345,DHL,12
3471,FedEx,3
2687,ShipBob,5
4276,USPS,1
546,FedEx,8
588,UPS,13
3446,Instacart,9
793,Postmates,2
3294,UPS,14
1524,FedEx,5
4564,USPS,5
2520,Instacart,11
2391,Postmates,7
4992,FedEx,8
1114,DHL,14
21,DoorDash,1
3687,USPS,7
2312,ShipBob,13
2230,Instacart,3
1295,UPS,2
2873,FedEx,10
3870,Instacart,7
2444,Postmates,11
2283,ShipBob,6
901,ShipBob,11
3137,DoorDash,14
2509,Postmates,1
4915,USPS,6
4513,DHL,11
3857,DoorDash,5
1051,DoorDash,7
4142,UPS,13
2176,ShipBob,6
2823,Instacart,9
2890,UPS,5
856,FedEx,5
1910,USPS,12
3298,DoorDash,11
3455,UPS,6
3906,USPS,1
2502,DoorDash,8
2150,FedEx,10
310,DoorDash,10
100,ShipBob,2
3853,ShipBob,14
2393,Postmates,9
1002,UPS,2
3952,Instacart,10
1074,ShipBob,5
2772,FedEx,13
4287,USPS,8
792,ShipBob,6
1326,FedEx,10
2721,Instacart,2
4804,UPS,4
4378,DHL,6
2960,FedEx,14
2344,UPS,8
1256,FedEx,8
112,FedEx,8
2514,ShipBob,10
2419,Postmates,9
86,Instacart,1
1832,USPS,3
1215,FedEx,3
1883,UPS,1
1425,Postmates,4
3361,USPS,2
3302,FedEx,14
1336,DHL,7
1872,USPS,11
438,DHL,14
128,UPS,13
4536,DHL,7
2033,UPS,5
4130,DoorDash,1
3909,FedEx,7
1762,DoorDash,10
727,USPS,4
940,DoorDash,6
448,Postmates,2
4148,DHL,11
3437,DHL,9
4248,DoorDash,2
4855,Postmates,3
4886,DHL,4
2161,UPS,13
3506,Postmates,13
4338,DoorDash,13
1725,FedEx,3
405,DoorDash,10
4064,UPS,7
464,DoorDash,6
4313,UPS,2
4834,UPS,8
4405,DoorDash,4
4771,UPS,5
4029,Postmates,13
4526,UPS,5
3083,DHL,2
1445,Instacart,7
1446,Instacart,12
2029,Instacart,7
4504,FedEx,11
4002,FedEx,2
4819,FedEx,8
2966,UPS,9
4388,Postmates,12
3398,UPS,10
4546,DoorDash,8
3354,UPS,2
273,DoorDash,2
3131,UPS,4
3373,DoorDash,11
4295,Instacart,12
3474,ShipBob,11
3559,DHL,12
2403,Instacart,11
4671,DHL,6
3319,Instacart,10
2356,ShipBob,2
524,DHL,3
2129,DoorDash,3
1967,DoorDash,9
1685,Postmates,1
3940,FedEx,2
1147,DHL,5
472,FedEx,1
1135,ShipBob,2
4663,DoorDash,13
768,DoorDash,9
3658,ShipBob,11
4465,Instacart,3
4945,Postmates,9
3368,USPS,11
1917,USPS,10
540,Postmates,12
1488,Instacart,2
3235,DHL,12
1360,Instacart,1
3132,DHL,14
639,Instacart,1
4023,Instacart,11
3634,Instacart,1
4315,FedEx,10
3823,UPS,5
1870,DoorDash,7
1825,DoorDash,10
176,ShipBob,11
740,FedEx,13
3051,Postmates,7
4958,DHL,8
918,Postmates,14
2536,Postmates,13
1569,USPS,9
2098,USPS,14
1790,ShipBob,4
4242,Instacart,9
3205,FedEx,13
11,DoorDash,8
1269,ShipBob,10
925,DoorDash,11
2916,Postmates,9
3899,USPS,7
3038,UPS,1
4471,DoorDash,11
2435,FedEx,1
3850,DHL,1
1023,Postmates,9
777,Postmates,7
4531,Instacart,7
175,Postmates,1
796,DHL,7
1106,DHL,2
1555,Postmates,1
1894,FedEx,14
2065,DHL,11
1450,Postmates,12
2988,FedEx,11
4999,Instacart,4
3098,USPS,10
2002,UPS,10
4098,USPS,10
1646,FedEx,2
3375,Instacart,2
4570,DoorDash,3
2177,UPS,10
3981,DoorDash,10
635,DHL,3
689,DHL,10
4143,FedEx,8
743,USPS,3
423,DoorDash,11
4267,FedEx,7
141,FedEx,9
521,FedEx,2
1552,Postmates,11
3618,ShipBob,2
1449,FedEx,13
1374,USPS,4
1650,Instacart,2
1881,UPS,5
253,DHL,6
600,UPS,2
983,DoorDash,11
4183,Instacart,9
2618,DHL,4
2197,FedEx,5
143,Postmates,1
1438,USPS,4
3907,USPS,11
868,UPS,13
1798,DoorDash,8
1888,USPS,10
557,DHL,5
930,USPS,1
4177,USPS,12
1604,Postmates,14
1922,DoorDash,4
1537,ShipBob,2
3355,ShipBob,10
3607,UPS,14
1718,Instacart,5
2068,UPS,14
3529,FedEx,14
4390,FedEx,5
1126,DHL,6
2946,DoorDash,7
1431,USPS,3
1639,Postmates,10
184,USPS,10
4244,FedEx,14
1024,DHL,4
3078,DoorDash,10
3387,UPS,13
3799,Instacart,4
694,DoorDash,10
2301,Postmates,13
2241,Instacart,13
4056,DHL,1
2556,ShipBob,14
4760,ShipBob,11
2914,USPS,11
2909,DoorDash,4
2640,DoorDash,9
1667,Instacart,13
4875,Postmates,3
1532,DoorDash,8
1930,USPS,7
1014,Instacart,4
2550,DoorDash,6
3738,FedEx,4
4122,FedEx,6
756,ShipBob,7
3861,DHL,12
1065,FedEx,11
194,USPS,14
2900,UPS,5
76,USPS,2
1223,FedEx,1
4868,DHL,1
4352,UPS,14
2013,ShipBob,7
3310,DHL,8
4427,Postmates,9
3734,USPS,6
569,UPS,14
1986,DoorDash,5
957,UPS,12
4069,ShipBob,14
4653,DHL,3
1846,ShipBob,5
2679,Postmates,2
519,Instacart,5
1578,FedEx,3
3293,USPS,10
4107,Postmates,13
1820,Instacart,2
1806,UPS,11
1861,FedEx,10
2287,DHL,12
4991,UPS,4
